Item No.,Item Description,In Stock,Committed,Ordered,Available,Inventory UoM
A00000009,TOBREX OPHTHALMIC OINTMENT  3.5 G,6,,3,9,TUB
A00000015,AG OMEGA 3.6.9 SOFTGELS 40`S,3,,,3,PAK
A00000016,AG OMEGA-3 ENRICHED FORMULA SOFTGELS 40`S,1,,,1,PAK
A00000018,AG GLUCOSAMINE&CHONDROITIN TABLETS 60`S,4,,,4,PAK
A00000040,RAPICLAV 1GM F/C TABLETS 2X7`S,,,13,13,PAK14
A00000113,SAVOY BURN RELIEF SPRAY 50 GM,,,15,15,BOX
A00000114,EROS CREAM  15 GM,62,,56,118,BOX
A00000115,EROS SPRAY  14 GM,45,,74,119,BOX
A00000116,SAVOY FIRST AID SPRAY  50 GM,,,15,15,BOX
A00000117,NEOVITA CAPSULES  30`S,5.5,,,5.5,BOX30
A00000119,NEOVITA SYRUP  200 ML,9,,,9,BOX
A00000126,DOGMATIL 50MG CAPSULES 30`S,,,5,5,PAK30
A00000135,ARTIZ 10MG TABLETS 10S,88,3,,85,PAK10
A00000136,AIRFAST 10MG F/C TABLETS 30`S,29.343,,1,30.343,PAK30
A00000141,CLARITT 500MG TABLETS  14S,2,,,2,PAK14
A00000142,CLARITT 250 MG TABLETS 14 S,2,,,2,PAK14
A00000146,CO -TABUVAN 80/12.5MG F/C TABLETS 30`S,,,2,2,PAK30
A00000147,CO -TABUVAN 160/12.5MG F/C TABLETS 30`S,,,2,2,PAK30
A00000151,CLARITT XL 500MG TABLETS 14`S,2,,,2,PAK14
A00000154,DERMA T TOPICAL SOLUTION 30 ML,18,,,18,PAK
A00000155,DIVIDO - 75 MG CAPSULES  20`S,88,,,88,BOX20
A00000156,EZILAX SYRUP 10G/15ML 300ML,12,,,12,BOX
A00000159,FLAZOL 500MG TABLETS  20 S,69.5,,28,97.5,BOX20
A00000160,FEXODINE 120 MG TABLETS  14`S,18,,,18,PAK14
A00000161,FEXODINE 180 MG TABLETS  14`S,59,,,59,PAK14
A00000175,MEIACT 200 MG TABLETS  20`S,,,3,3,BOX20
A00000180,OMIZ 20 MG CAPSULES 14`S,21.5,,,21.5,PAK14
A00000183,PROKININ TABLETS 10 MG,90.033,,,90.033,PAK30
A00000190,QUINOX 500MG TABLETS  10`S,74,,,74,BOX10
A00000192,ROXIL 500MG CAPSULES 20`S,17,,,17,BOX20
A00000194,RAPIDUS 50MG TABLETS 20`S,171.517,,70,241.517,BOX20
A00000198,TABIFLEX COOL GEL 50GM,36,,,36,BOX
A00000199,TABUNEX 0.05% NASAL SPRAY,4,,17,21,PAK
A00000200,TOPRAZOLE 40MG E.C.TABLETS 15`S,2,,,2,PAK15
A00000202,TABUVAN 80MG F/C TABLETS 30`S,5.667,,,5.667,PAK30
A00000203,TABUVAN 160MG F/C TABLETS 30`S,6.001,,,6.001,PAK30
A00000209,VAVO SHAMPOO  2%  100 ML,23,,,23,BOT
A00000213,WINEX 200 MG CAPSULES  8`S,21,,,21,PAK8
A00000214,WINEX 400 MG CAPSULES  6`S,25,,,25,PAK6
A00000215,WINEX ORAL SUSPENSION 100MG/5ML 60ML,9,,,9,BOT
A00000216,ZETA OINTMENT 2%  15 GM,8,,,8,BOX
A00000217,ZETA CREAM 15GM,42,,,42,BOX
A00000219,ZINOXIMOR 250MG TABLETS  14` S,5,,,5,PAK14
A00000220,ZETRON 250 MG CAPSULES  6`S,13,,,13,BOX6
A00000223,ZINOXIMOR 500 MG TABLETS  14`S,7,,,7,PAK14
A00000224,AMCARDIA 5MG TABLETS 3X10`S,1,,,1,PAK30
A00000226,DICLORAN INJECTION 25MG/ML  75 MG  3 ML 5`S,24,,,24,BOX5
A00000228,DICLORAN GEL 50GM,,,5,5,PAK
A00000232,METROGYL DENTALGEL 20G,11,,1,12,PAK
A00000236,"TIN TIN LIDO (ORANGE) LOZENGES, 2X12`S BLISTER",3,,,3,PAK24
A00000237,ZECUF SYRUP- 100ML,52,,,52,PAK
A00000244,CONCAVIT DROPS  15ML,3,,,3,BOX
A00000245,CONCAVIT SYRUP  150ML,4,,,4,BOX
A00001868,A&D DIGITAL UPPER ARM B.P MONITOR UA-611,3,,,3,PCS
A00002887,AMIRA GINSENG HAIR SHAMPOO  150ML,15,,,15,BOX
A00002890,MASCULAN CONDOMS 1  10`S,7,,,7,BOX10
A00002891,MASCULAN CONDOMS 2   10`S,4,,,4,BOX10
A00002892,MASCULAN CONDOMS 3  10`S,22,,,22,BOX10
A00002893,MASCULAN CONDOMS 4   10`S,5,,,5,BOX10
A00002894,MASCULAN CONDOMS NO.1 (3`S),9,,,9,BOX
A00002895,MASCULAN CONDOMS NO.2 (3`S),15,,,15,BOX
A00002896,MASCULAN CONDOMS NO.3 (3`S),21,,,21,BOX
A00002898,MASCULAN LONG PLEASURE 10`S,16,,,16,PAK
A00002900,MASCULAN LONG PLEASURE 3`S,52,,,52,PAK
A00002906,MASCULAN CONDOMS GOLD 10`S,22,,,22,PAK
A00002907,MASCULAN CONDOMS GOLD 3`S,8,,,8,PAK
A00002909,MASCULAN GLEITGEL WARMING DISPENSERS 75ML,,,6,6,PAK
A00002910,MASCULAN GLEITGEL STRAWBERRY DISPENSERS 75ML,,,6,6,PAK
A00002911,MASCULAN GLEITGEL SILK DISPENSERS 75ML,,,4,4,PAK
A00003098,ZETA OINTMENT  15 GM,5,,,5,BOX
A00003157,NEOMOX 500 MG CAPSULES  20`S,35,,,35,BOX20
A00003185,ASTHALIN 100 MCG INHALER,19,,,19,BOX
A00003187,ALERID 10 MG TABLETS 10 S,185,,100,285,PAK10
A00003194,AMLOPRES 5MG TABLETS 30`S,50.357,,,50.357,PAK30
A00003195,AMLOPRES 10MG TABLETS 30`S,14.435,,,14.435,PAK30
A00003196,AZEE 500MG F/C TABLETS 3'S,54,,,54,PAK3
A00003197,ASTHALIN RESPULES 2.5MG/2.5ML,5.25,,,5.25,PAK20
A00003207,CARNIVITA FORTE TABLETS 30`S,2.668,,,2.668,PAK30
A00003220,FEROGLOBIN B12 LIQUID  200 ML,7.5,,,7.5,BOX
A00003224,FLOMIST NASAL SPRAY 100MD 10 ML,13,,1,14,PAK
A00003225,FORCAN 150 MG CAPSULES  1`S,,,16,16,PAK
A00003226,FORACORT 200 INHALER,10,,,10,PAK
A00003227,FEROGLOBIN CAPSULES 30`S,16,,,16,PAK30
A00003228,FORACORT 100 INHALER,,,2,2,MDI
A00003232,GENUPHIL TABLETS 30`S,6.67,,,6.67,PAK30
A00003237,LANZOL 30 MG CAPSULES  30`S,23.837,,,23.837,PAK30
A00003241,MONTAIR 10 MG  10`S,,,1,1,PAK10
A00003250,OSTEOCARE TABLETS 30`S,3,,8,11,PAK30
A00003251,OSTEOCARE LIQUID  200 ML,3,,,3,PAK
A00003255,PREGNACARE TABLETS 30`S,7,,,7,PAK30
A00003257,"PROLYTE(ORANGE) -ORS, 4.2GM,10`S",13.2,,,13.2,PAK10
A00003260,"PROLYTE (LIME)-ORS, 4.2GM, 10`S",10.4,,20,30.4,PAK10
A00003268,SEROFLO 250 INHALER  120 DOSES,8,,3,11,MDI
A00003269,SEROFLO 125 INHALER  120 DOSES,4,,3,7,MDI
A00003273,THIOTACID 600MG TABLETS 20`S,2,,,2,PAK20
A00003275,THIOTACID 300MG TABLETS 30`S,3,,,3,PAK30
A00003276,URIMAX 0.4MG CAPSULES 10 X10`S,,,11,11,PAK100
A00003277,ULTRA L-CARNITINE&ALA TABLETS 60`S,4,,,4,PAK60
A00003278,"ULTRA CO-ENZYME Q10 50MG TABLETS,60`S",2,,,2,PAK60
A00003279,ULTRA VITAMIN C TABLETS 60`S,9.75,,,9.75,PAK60
A00003287,WELLWOMAN CAPSULES 30`S,6.5,,,6.5,PAK30
A00003292,RARICAP TABLETS 40`S,,,8,8,PAK40
A00003295,CANDIZOLE POWDER 20GM,,,3,3,PAK
A00003296,CANDIZOLE VAGINAL CREAM 45GM,,,5,5,PAK
A00003311,DIPHELIN ADULT COUGH SYRUP 100ML,,,100,100,PAK
A00003316,HISDINE SYRUP 200ML,,,6,6,PAK
A00003332,"ZENON SUSPENSION 250MG/5ML,50ML",,,2,2,PAK
A00003346,ARCOXIA 90MG TABLETS 14 S,,,2,2,PAK14
A00003347,ARCOXIA 90MG TABLETS  28 S,0.5,,,0.5,PAK28
A00003348,ARCOXIA 120MG TABLETS 7 S,6,,15,21,PAK7
A00003358,BETASERC 16MG TABS  60`S,2.669,,,2.669,BOX60
A00003364,BETAGEN 16MG TABLETS 30`S,4.667,,,4.667,PAK30
A00003374,DICLOPID TABLETS 20`S,5.5,,,5.5,PAK20
A00003381,DUPHALAC SOLUTION  300 ML,11,,6,17,BOX
A00003382,DUPHASTON 10MG TABLETS  20`S,3,,,3,BOX20
A00003390,DUSPATALIN RETARD 200MG CAPSULES  30 S,5.336,,5,10.336,BOX30
A00003396,EAR CALM EAR DROPS 5ML,2,,,2,PAK
A00003408,HEDRALIX SYRUP 100ML,5,,10,15,PAK
A00003418,LOHIST SYRUP 5MG/5ML  100 ML,,,15,15,PAK
A00003419,LOHIST 10MG TABLETS  20 S,,,10,10,PAK20
A00003428,LOHIST- EXTRA SYRUP 100ML,3,,,3,PAK
A00003447,NEURORUBINE FORTE TABLETS  20`S,22,,,22,BOX20
A00003452,OLFEN TABLETS 50MG   20`S,1.5,,6,7.5,BOX20
A00003453,OLFEN SR CAPSULES 100MG  20`S,8,,,8,BOX20
A00003456,OLFEN GEL (L)  50 GM,5,,,5,BOX
A00003457,OLFEN GEL (S)  20 GM,,,5,5,BOX
A00003458,OMAPRO 20 MG CAPSULES 14 S,,,10,10,PAK14
A00003461,OMACE 5MG TABLETS  28 S,4.5,,,4.5,PAK28
A00003467,OMAPRO 20MG CAPSULES 28`S,3.569,,,3.569,PAK28
A00003468,OLFEN 75 SR DEPOTABS,4,,6,10,PAK10
A00003469,OMOL COLD & FLU TABLETS,10,,20,30,PAK20
A00003470,ORS 30 GM SACHETS 25`S,0.44,,5,5.44,PAK25
A00003472,ORS NEW FOR 200ML SACHETS 10`S,1.6,,5,6.6,PAK10
A00003474,ORS NEW FOR 1 LITER SACHETS 25`S,,,5,5,PAK25
A00003480,PERIACTIN 4MG TABLETS  20`S,,,2,2,BOX20
A00003501,TRYPTIZOL 25MG TABLETS  30`S,29.345,,23,52.345,BOX30
A00003503,TYOTOCIN EAR DROPS  15 ML,52,,40,92,BOX
A00003509,UVAMIN RETARD 100MG CAPSULES  20 S,1,,19,20,BOX20
A00003510,URISPAS 200 MG TABLETS   30S,2.665,,,2.665,PAK30
A00003517,VISCOR 20 MG TABLETS 30 S,1,,,1,PAK30
A00003522,ZYNCET 10 MG TABLETS  50`S,11.4,,30,41.4,BOX50
A00003546,JANUMET 50/1000MG TABLETS 56`S,6.125,,6,12.125,PAK56
A00003547,JANUMET 50/500MG TABLETS 56`S,3.375,,3,6.375,PAK56
A00003555,MARVELON TABLETS 21`S,15,,35,50,PAK21
A00003577,AGIOLAX GRANULES (L)  250GM,2,,,2,JAR
A00003662,PROSPAN SYRUP  100 ML,31,,10,41,BOT
A00003671,PANTOR 20MG TABLETS 30`S,7.677,,,7.677,PAK30
A00003672,REPARIL TABLETS  40 S,5.5,,,5.5,BOX40
A00003673,REPARIL GEL   40 GM,5,,,5,BOX
A00003708,OMNICEF SUSPENSION 125MG/5ML  40ML,1,,,1,PAK
A00003711,ALLERFIN SYRUP 2.5MG/5ML  120ML,1,,,1,BOX
A00003712,ALLERFIN TABLETS 4MG 30`S,,,5,5,BOX30
A00003726,ALLERFIN TABLETS 4MG 1000`S,1.17,,2,3.17,BOX1000
A00003736,ACTOS TABLET 30 MG   30 S,3,,,3,PAK30
A00003744,AMLO 5MG CAPSULES 30`S,4.001,,,4.001,PAK30
A00003745,AMLO 10MG CAPSULES 30`S,5.667,,,5.667,PAK30
A00003747,ASTATIN 20MG TABLET 30`S,1.667,,5,6.667,PAK30
A00003755,AROX 400MG TABLETS 5`S,4,,,4,PAK5
A00003758,BANNER SEACOD CAPSULES  500`S,3,,,3,PAK500
A00003777,BECOZYME FORTE TABLETS  20 S,6.5,,10,16.5,BOX20
A00003781,BEPANTHEN OINTMENT 30GM,4,,16,20,BOX
A00003782,BEPANTHEN CREAM  30GM,28,,10,38,BOX
A00003783,BEPANTHEN PLUS CREAM  30GM,,,23,23,BOX
A00003784,BEPANTHEN LOTION  200ML,,1,5,4,BOX
A00003785,BEROCCA EFFERVESCENT TABLETS,19,,60,79,BOX
A00003788,BLOPRESS 8MG TABLETS  28 S,5.5,,1,6.5,BOX28
A00003791,BANNER POWER PLUS CAPSULES 30`S,4,,,4,BOX30
A00003792,BANNER POWER PLUS GOLD CAPSULES 30`S,,,10,10,PAK30
A00003793,BANNER SEACOD CAPSULES  100`S,7,,10,17,PAK100
A00003798,BRONKOVENT SYRUP  100 ML,7,,3,10,PAK
A00003802,BRIMO 0.2% EYE DROPS,,,2,2,BOT
A00003803,BRUFEN 600MG SACHETS,7.4,,,7.4,PAK20
A00003804,BLOPRESS 16MG TABLETS 28`S,0.5,,9,9.5,PAK28
A00003805,BLOPRESS 16 PLUS TABLETS 28`S,2,,,2,PAK28
A00003806,BLOPRESS 8 PLUS TABLETS 28`S,3,,,3,PAK28
A00003807,BRUFEN 400 30`S,10.001,,,10.001,BOX30
A00003832,CLARA TABLETS 10 S,26,,,26,PAK10
A00003843,CLOFAST- P 50MG TABLETS 20`S,4.5,,,4.5,PAK20
A00003850,DOMPY 10 MG TABLETS  30`S,6.347,,,6.347,BOX30
A00003852,DOXIPROCT PLUS OINTMENT 20 GM,3,,,3,BOX
A00003853,DOXIPROCT OINTMENT  30 GM,6,,,6,BOX
A00003862,DOMPY 1% SUSPENSION  200ML,5,,,5,BOT
A00003875,DIMET 500 TABLETS 50 S,6.4,,10,16.4,PAK50
A00003876,DIMET 850 TABLETS 50 S,3.2,,,3.2,PAK50
A00003877,DURACAN CAPSULES 1 S,1,,2,3,PAK
A00003878,DICYNONE 500MG CAPSULES 20`S,1.5,,,1.5,PAK20
A00003907,ELICA CREAM  30 GM,12,,,12,PAK
A00003913,ELICASAL OINTMENT 30 GM,4,,,4,TUB
A00003914,ELICA-M CREAM 30 G,33,,,33,TUB
A00003916,EMICIPRO 500 MG TABLETS  10`S,32,,,32,PAK10
A00003939,FLUCA EYE DROPS  10 ML,2,,,2,PAK
A00003949,FLUZYN 20MG CAPSULES 30`S,1,,,1,PAK30
A00003966,GLOVIT CAPSULE  30 S,3.5,,,3.5,PAK30
A00003967,GLOVIT CALCIUM CAPLETS 30 S,1,,,1,PAK30
A00003981,G-PRIDE 1MG TABLETS 10`S,2,,,2,PAK10
A00003985,GEVITA CAPSULES 30`S,1,,,1,PAK30
A00003988,NEO-HEALAR OINTMENT 30GM,3,,,3,BOX
A00003989,NEO-HEALAR SUPPOSITORIES  10 S,,,2,2,BOX10
A00003993,HEXIGEL 15GM TUBE (CHLORHEXIDINE 1%),22,,24,46,TUB
A00003994,HYFRESH EYE DROPS 10ML,4,,,4,PAK
A00004016,INDICARDIN 10MG TABLETS 50`S,11.3,,10,21.3,PAK50
A00004017,INDICARDIN 40MG TABLETS 50`S,9,,5,14,PAK50
A00004032,LAMIFEN CREAM 15 GM,18,,,18,PAK
A00004033,LOXTRA EYE DROPS 5 ML,4,,,4,PAK
A00004037,LAMIFEN TABS 250 MG 14S,1.5,,,1.5,BOX14
A00004041,L-CET 5MG TABLETS 20`S,7.5,,,7.5,PAK20
A00004043,MEVA 135 MG TABLETS  30`S,2.004,,,2.004,BOX30
A00004069,MUCOPAIN 15 MG,6,,,6,TUB
A00004087,OPTIFRESH TEARS EYE DROPS  10 ML,2,,,2,PAK
A00004090,OPTIFLOX EYE DROPS 5 ML,4,,10,14,VIL
A00004092,OPTIDEX - T OPHTHALMIC SOLUTION  5ML,13,,,13,PAK
A00004098,OPTILONE EYE DROPS 5 ML,6,,,6,VIL
A00004099,OFLAM SACHETS 10`S,8.1,,20,28.1,PAK10
A00004101,OLOPAT EYE DROPS 0.1% 5ML,1,,,1,PAK
A00004104,PROPOLSAFT SYRUP 125ML,1,,,1,BOT
A00004118,PREDO SYRUP 15MG/5ML,6,,,6,PAK
A00004128,RENNIE TABLETS  96`S,11.167,,,11.167,BOX96
A00004129,RENNIE TABLETS  24`S,,,6,6,BOX24
A00004146,REDOXON 1GM EFFER TABLETS 15`S,13,2,81,92,PAK15
A00004176,SUDOCREAM  60 G,14,,,14,BOX
A00004178,SUDOCREAM 250 G,4,,,4,PAK
A00004198,URAL GRANULES - 4GM SATCHETS  28`S,3.381,,,3.381,BOX28
A00004224,VISCODRIL EXPECTORANT 100ML,15,,10,25,PAK
A00004232,XOLAMOL EYE DROPS  5ML,1,,,1,PAK
A00004234,ZYNOVATE OINTMENT  15 G,,,5,5,PAK
A00004236,ZYNOVATE CREAM 15GM,8,,,8,PAK
A00004241,ZYCAL SOFT TABLETS 30`S,2,,,2,PAK30
A00004248,APISAL EYE/NOSE DROPS  10ML,14,,,14,BOX
A00004251,APIGEN EYE/EAR DROPS,2,,,2,PAK
A00004252,BELIFAX 20MG CAPSULES 14`S,3,6,10,7,BOX14
A00004259,DEWAX EAR DROPS 10ML,16,,3,19,PAK
A00004271,OTOCOL EAR DROPS  10 ML,22,,,22,BOX
A00004277,SALIDEX TOPICAL SOLUTION 30ML,1,,4,5,PAK
A00004286,ALDACTONE 25MG TABLETS 20 S,2,,,2,BOX20
A00004292,CONTRACTUBEX GEL  20GM,3,,,3,BOX
A00004349,DILATREND TABLETS 25MG  30 S,0.34,,,0.34,BOX30
A00004355,"DREZ SOLUTION (10%), 100ML",6,,,6,PAK
A00004356,ELTROXIN 50 MCG TABLETS  100`S,2,,,2,BOX100
A00004363,FUCIDIN CREAM 2%  15 GM,,,5,5,BOX
A00004365,FUCITHALMIC EYE DROPS  5 GM,,,12,12,BOX
A00004369,FUCIDIN-H CREAM  15 GM,,,5,5,BOX
A00004382,FUCIDIN-H CREAM 30GM,9,,,9,PAK
A00004383,FUCIDIN CREAM 30GM,4,,20,24,PAK
A00004384,FUCIDIN OINTMENT 30GM,8,,10,18,PAK
A00004441,SALONPAS PATCHES 20`S,,,40,40,BOX
A00004451,TIGER BALM (WHITE)    19.4 G,12,,,12,BOX
A00004453,VENTOLIN SYRUP 2MG/5ML  150ML,2,,,2,BOX
A00004461,VENTOLIN RESPIRATOR SOLUTION  20ML,9,,,9,BOX
A00004469,VENTOLIN EVO HALER 100MC.GM  200 DOSES,27,,26,53,PAK
A00004471,XENICAL 120MG CAPSULES  84`S,0.75,,,0.75,BOX84
A00004494,AUGMENTIN 625MG TABLETS  20`S,7,1,10,16,BOX20
A00004497,ADVIL COLD AND SINUS TABLETS 20 S,18,,4,22,PAK20
A00004498,ADVIL 200MG TABLETS  50 S,5,,,5,PAK50
A00004499,AERIUS SYRUP 150 ML,3,,10,13,PAK
A00004501,ADVIL 200 MG LIQUIGEL CAPLETS  32`S,2,,,2,PAK32
A00004503,AYUGES CAPSULES  60`S,0.994,,,0.994,BOX60
A00004504,AYULAX CAPSULES  60`S,9.666,,7.5,17.166,BOX60
A00004506,AYUVIGO FORTE CAPSULES  60`S,0.666,,14,14.666,BOX60
A00004514,ACC LONG EFFERVESCENT TABLETS 600MG 10`S,4,,10,14,PAK10
A00004515,AMARYL M TABLETS 30`S,,,2,2,PAK30
A00004519,AVODART 0.5MG 30`S,2.334,,,2.334,PAK30
A00004523,AERINAZE TABLETS 14`S,,,5,5,PAK14
A00004527,AZARGA EYE DROPS 5ML,2,,,2,PAK
A00004568,AUGMENTIN SYRUP 457MG/5ML  70ML,,,5,5,BOX
A00004578,AERIUS 5MG TABLETS 20`S,1.5,,10,11.5,PAK20
A00004581,AMARYL M SR 2MG/500MG TABLETS 30`S,,,5,5,PAK30
A00004589,ASPIRIN-C EFFERVESCENT TABLETS  10`S,1,,,1,BOX10
A00004591,ASPIRIN PROTECT 100-  20 S PACK,44,,45,89,PAK20
A00004603,AUGMENTIN 1GM TABLETS  14`S,2.5,,8,10.5,BOX14
A00004614,BETADINE DRY POWDER SPRAY  55 G,7,,5,12,PAK
A00004617,BRUFEN RETARD TABLETS 800MG 20`S,5,,,5,BOX20
A00004628,BONNISAN LIQUID  120ML,2,,10,12,BOX
A00004629,BONJELA GEL,11,,6,17,BOX
A00004630,BETADINE THROAT SPRAY  50 ML,14,,20,34,BOT
A00004633,BETADINE SCALP & SKIN CLEANSER  125 ML,4,,,4,BOT
A00004636,BRUFEN TABLETS 600MG  30`S,12.364,,,12.364,BOX30
A00004637,BRUFEN SYRUP 100MG/5ML 100ML,11,,,11,BOX
A00004638,BUSCOPAN TABLETS 10MG  20`S,20,,,20,BOX20
A00004658,BETADINE MOUTH WASH GARGLE  125ML,7,,10,17,BOX
A00004661,BETADINE VAGINAL DOUCHE KIT  250ML,3,,,3,BOX
A00004664,BETADINE VAGINAL PESSARIES   14 S,3,,,3,PAK14
A00004665,BETADINE SOLUTION  120ML,8,,,8,PAK
A00004666,BETADINE OINTMENT 40 GM,1,,,1,PAK
A00004680,CRESTOR 10MG TABS,2.5,,5,7.5,PAK28
A00004681,CRESTOR 20MG TABS (ROSUVASTATIN),2,,,2,PAK28
A00004689,CANDID CREAM  20GM,6,,,6,BOX
A00004690,CANDID B CREAM  15GM,24,,20,44,BOX
A00004691,CANDID EAR DROPS  15ML,2,,,2,BOX
A00004692,COVANCE 50 MG TABLETS 30 S,9.688,,,9.688,PAK30
A00004694,CONCOR-COR 2.5 MG,9.5,,42,51.5,PAK30
A00004695,CONFIDO TABLETS  120`S,9,,25,34,PAK120
A00004696,CRIXAN OD TABLETS  10`S,2,,,2,PAK10
A00004700,CIPRALEX 20 MG TABLETS 28`S,1,,,1,PAK28
A00004701,COVERAM 5MG/5MG TABLETS 30`S,4,,,4,PAK30
A00004703,COVERAM 10MG/10MG TABLETS 30`S,1,,,1,PAK30
A00004708,CENTRUM SILVER 30`S,2,,,2,PAK30
A00004710,CENTRUM SILVER TABLETS 100`S,1,,,1,PAK100
A00004712,CANDID LOTION  20ML,,,6,6,BOX
A00004716,CANDID DUSTING POWDER  30GM,13,,,13,BOX
A00004717,CANDID-V3 VAGINAL TABLETS  3`S,3,,,3,BOX3
A00004718,CANESTEN LOTION 1 % 20ML,13,2,,11,BOX
A00004719,CANESTENE-6 VAGINAL TABLETS 100 MG 6`S,,,2,2,BOX6
A00004730,CO DIOVAN TABS 80 MG/12.5 MG TABLETS   28S,4,,,4,BOX28
A00004731,CENTRUM TABLETS 100`S,8,,,8,PAK100
A00004738,CALTRATE 600+VIT.D TABLETS  60`S,1,,5,6,BOX60
A00004742,CLOMID 50MG TABLETS  10`S,5,,,5,BOX10
A00004745,COLLOMACK SOLUTION  10ML,6,,,6,BOX
A00004746,COVERAM 10MG/5MG TABLETS 30`S,2,,,2,PAK30
A00004747,COVERAM 5MG/10MG TABLETS 30`S,1,,,1,PAK30
A00004750,CO DIOVAN TABLETS 160 MG/12.5MG     28 S,1,,,1,PAK28
A00004756,CYSTONE TABLETS  100`S,,,5,5,BOX100
A00004757,CANESTENE-1 VAGINAL TABLETS 500 MG   1`S,,,2,2,BOX
A00004759,CANESTEN CREAM  20GM,2,,,2,BOX
A00004763,CANDID-V6 VAGINAL TABLETS  6`S,8,,,8,BOX6
A00004774,CATAFLAM 50MG TABLETS   20`S,6.5,,,6.5,BOX20
A00004780,CONCOR 5MG TABLETS  30 S,19.667,,10,29.667,BOX30
A00004781,CONCOR 10MG TABLETS  30 S,2,,,2,BOX30
A00004787,COVERSYL 5MG TABLET 30`S,5,,5,10,BOX30
A00004789,CANDID V1 VAGINAL TABLETS  1`S,3,,,3,BOX
A00004794,CIPRALEX  10 MG  TABLETS   28-S,3.5,,6,9.5,PAK28
A00004798,CLARITINE TABLETS 10MG   10`S,19,,,19,BOX10
A00004799,CLARITINE SYRUP 5MG/5ML  100ML,,,24,24,BOX
A00004800,CLARINASE TABLETS  14`S,11.5,,10,21.5,BOX14
A00004802,CANDID-V GEL  30GM,3,,,3,BOX
A00004803,DICLO M.R. 75 MG TABLETS  20`S,1.5,,,1.5,BOX20
A00004809,DALACIN-C CAPSULES 300MG  16`S,10,,3,13,BOX16
A00004819,DIANE-35 TABLETS  21`S,16,,,16,BOX21
A00004828,DIOVAN 80MG TABLETS  28`S,7.5,,,7.5,BOX28
A00004829,DALACIN-C 150MG CAPSULES 16`S,3,,,3,BOX16
A00004847,DAFLON 500 TABLETS  30`S,0.167,,3,3.167,BOX30
A00004862,DIOVAN 160MG TABLETS 28`S,6,,16,22,BOX28
A00004865,DIABECON TABLETS 60`S,,,5,5,PAK60
A00004868,DIAMICRON MR 60MG TABLETS (30`S),8,,20,28,PAK30
A00004870,DICLO 150 ID MR TABLETS 10`S,1,,,1,PAK10
A00004882,EUTHYROX - 25 MCG 100`S,5.25,,6,11.25,BOX100
A00004886,EUTHYROX - 50 MCG  100`S,6,,,6,BOX100
A00004887,EUTHYROX - 100 MCG  100`S,6.75,,2,8.75,BOX100
A00004889,EUTHYROX - 150 MCG  100`S,2.5,,,2.5,BOX100
A00004890,EUCARBON TABLETS  30`S,5,,,5,BOX30
A00004898,ENHANCIN 1GM TABLETS  7X2`S,5,,5,10,PAK14
A00004909,ELOCOM CREAM 0.1% (L)  30 GM,3,,11,14,BOX
A00004910,ELOCOM OINTMENT 0.1% (L)  30 GM,1,,5,6,BOX
A00004913,ELOCOM LOTION 0.1%  30 ML,2,,10,12,BOX
A00004919,EMLA CREAM 5%    5 GM X 5 S,,,13,13,BOX5
A00004923,ENHANCIN 625 MG TABLETS    20S,0.5,,10,10.5,PAK20
A00004928,EXFORGE TAB 160 + 5MG,5.25,,,5.25,PAK28
A00004929,EXFORGE TAB 160+10MG,3.5,,,3.5,PAK28
A00004932,EXFORGE HCT 5/160/12.5 TABLETS 28`S,5.25,,,5.25,PAK28
A00004934,EXFORGE HCT 10/160/12.5 TABLETS 28`S,5,,,5,PAK28
A00004938,"ENTEROGERMINA ORALE VIAL 5ML, 20`S",1,,,1,PAK20
A00004944,FELDENE CAPSULES 20MG 10 S,,,20,20,BOX10
A00004951,FEROSE-F TABLETS 30`S,1.001,,,1.001,BOX30
A00004959,FEVADOL SYRUP - SUGAR FREE 160MG/5ML  145 ML,5,,,5,BOT
A00004962,FYBOGEL ORANGE SACHETS 10 S,15.5,,24,39.5,BOX10
A00004966,FELDENE DISPERSIBLE TABS 20MG,12,,,12,BOX10
A00004968,FEVADOL TABLETS 500MG  20`S,30,,,30,BOX20
A00004971,FLAGYL TABLETS 400MG  14`S,1,,19,20,BOX14
A00004986,FLUCORIC 150MG CAPSULES,4,,,4,PAK
A00004990,FLUTAB SINUS TABLETS 20`S,2,,8,10,PAK20
A00004994,GINCOSAN CAPSULES  30`S,5,,,5,BOT
A00004999,GAVISCON SUSPENSION  500ML,,,8,8,BOX
A00005000,GAVISCON SUSPENSION  200ML,17,,42,59,BOX
A00005004,GAVISCON EXTRA STRENGTH 500MG TABS  24`S,6.75,,10,16.75,PAK24
A00005005,GALVUS 50 MG 28`S,4,,,4,PAK28
A00005020,GINSANA G115 CAPSULES  30`S,4,,,4,BOX30
A00005034,GLUCOPHAGE 1 GM TABLETS 30 S,7.834,,,7.834,PAK30
A00005035,GLUCOPHAGE 850 TABLETS 30 S,2,,,2,PAK30
A00005038,GLUCOVANCE 500/5 MG  TABLETS 30 S,11.5,,59,70.5,PAK30
A00005039,GLUCOVANCE 500MG/2.5MG TABLETS 30 S,6.5,,22,28.5,PAK30
A00005041,GAVISCON ADVANCE SUSPENSION 300 ML,19,,28,47,BOT
A00005043,GLUCOPHAGE XR 500MG TABLETS 30`S,7,,,7,PAK30
A00005044,GLUCOPHAGE XR 750MG TABLETS 30`S,7,,,7,PAK30
A00005045,GALVUSMET 850MG TABLETS 60`S,0.664,,,0.664,PAK60
A00005046,GALVUSMET 1000MG TABLETS 60`S,1.801,,12.5,14.301,PAK60
A00005047,GLIM 1MG TABLETS 30`S,3.349,,,3.349,PAK30
A00005048,GLIM 2MG TABLETS 30`S,6.667,,,6.667,PAK30
A00005049,GLIM 3MG TABLETS 30`S,11,,,11,PAK30
A00005050,GLUCOPHAGE XR 1000MG 30`S,15.011,,,15.011,PAK30
A00005051,GALVUSMET 50MG/500MG TABLETS 60`S,1.993,,,1.993,PAK60
A00005083,HISTOP SYRUP 2MG/5ML  100ML,6,,10,16,BOX
A00005084,HISTOP TABLETS 4MG  20`S,2,,10,12,BOX20
A00005090,HERBOLAX TABLETS 100S,,,5,5,BOT100
A00005104,HYLO CARE EYE DROPS,4,,,4,BOT
A00005107,HYLO-COMOD EYE DROPS 0.1% 10ML,4,,,4,PAK
A00005142,IMODIUM 2MG TABLETS 12`S,1,,21,22,PAK12
A00005150,KLAVOX 375MG TABLETS  20`S,2,,4,6,BOX20
A00005151,KLAVOX 625MG TABLETS  20`S,3.5,,,3.5,BOX20
A00005158,KOFLET COUGH SYRUP 100 ML,10,,,10,PAK
A00005161,KLAVOX 1GM TABLETS 14`S,7,,,7,PAK14
A00005168,LORINASE SYRUP  100 ML,5,,25,30,BOT
A00005186,LIV 52 SYRUP  100 ML,,,7,7,BOX
A00005187,LIV-52 TABLETS  100`S,5,,,5,BOX100
A00005203,LAMISIL CREAM  15 GM,12,,,12,BOX
A00005206,LAMISIL SPRAY  30 ML,2,,,2,BOX
A00005215,LORINE 10MG TABLETS 10`S,20,,50,70,BOX
A00005216,LORINE SYRUP 100ML,3,,5,8,BOX
A00005220,LIV 52 DS TABLETS 90S,5,,15,20,PAK90
A00005226,LOVIR 800MG TABLETS 50 S,1.3,,,1.3,PAK50
A00005234,"LANTUS SOLOSTAR 3ML, 5`S",,0.4,2,1.6,PAK5
A00005237,MAXIDEX EYE OINTMENT 0.1%  3.5 GM,4,,,4,BOX
A00005242,MAFEPAIN TABLETS  20`S,,,6,6,BOX20
A00005250,MOSEGOR TABLETS 0.5MG  30 S,0.004,,23,23.004,BOX30
A00005255,MUCOSOLVAN TABLETS 30MG  20 S,11,,10,21,BOX20
A00005259,MICROGYNON TABLETS  21`S,8,,5,13,BOX21
A00005263,MAXIDEX EYE DROPS 0.1%  5 ML,3,,,3,BOX
A00005276,MIXTARD 30 HM INJECTION  10 U/ML   10 ML,,,2,2,BOX
A00005279,MOBIC TABLETS 7.5 MG  10`S,2,,,2,BOX10
A00005281,MOBIC TABLETS 15MG  10`S,,,5,5,BOX10
A00005282,MOBIC TABLETS 15MG  30`S,7.665,,1,8.665,BOX30
A00005283,MOVICOL SACHETS  20 S,5,,,5,BOX20
A00005287,MICARDIS 40MG TABLETS  28 S,3.5,,8,11.5,BOX28
A00005288,MICARDIS 80MG TABLETS  28 S,0.25,,4,4.25,BOX28
A00005291,MICARDIS PLUS 40MG TABLETS   28 S,1,,2,3,PAK28
A00005292,MICARDIS PLUS 80/12.5MG TABLETS 28 S,0.5,,2,2.5,PAK28
A00005294,METAZ  0.1% CREAM 30 GM,4,,7,11,PAK
A00005295,METAZ OINTMENT 0.1%  30 GM,2,,,2,PAK
A00005297,MUCOSOLVAN SYRUP 30MG/5ML,15,,,15,BOT
A00005303,NOVOMIX 30 FLEXPEN INSULIN  5`S,1.4,,2,3.4,PAK5
A00005332,NATRILIX SR TABLETS  30`S,1,,,1,BOX30
A00005345,NASONEX NASAL SPRAY  0.05%  50MCG  120 DOSES,2,,,2,BOX
A00005347,NEXIUM TABLETS 20MG  14`S,2,,9,11,BOX14
A00005355,NEXIUM 40MG TABLETS  14`S,8.5,,,8.5,BOX14
A00005356,NAPHCON-A OPTHALMIC SOLUTION  15 ML,26,,,26,BOX
A00005371,NOVOFINE NEEDLES 31G 100`S,0.35,,2,2.35,PAK100
A00005372,NOVO RAPID FLEXPEN ( 5X3 S),2.2,,,2.2,BOX5
A00005385,OPTREX EYE LOTION (S)  110 ML,3,,,3,BOX
A00005387,OPTREX EYE DROPS   10 ML,8,,,8,BOX
A00005392,OTRIVIN NASAL DROPS - ADULTS  10 ML,57,,,57,BOX
A00005393,OTRIVIN NASAL DROPS - CHILD 10 ML,,,3,3,BOX
A00005400,"OPTIVE VD EYE DROPS,30`S",,,16,16,PAK30
A00005412,OTRIVIN 0.1%  MD NASAL SPRAY - ADULTS    10 ML,18,,,18,PAK
A00005413,OTRIVIN 0.05% MD NASAL SPRAY - PAEDIA.  10 ML,2,,,2,PAK
A00005414,OSTEOFLEX TABLETS 30`S,,,2,2,PAK30
A00005418,OCEAN  NASAL   SPRAY   15ML,4,,,4,BOT
A00005423,OMEGAVYTE CAPSULE 90`S,2,,,2,PAK90
A00005426,PILEX OINTMENT 30 GM,1,,,1,PAK
A00005429,PANADOL SYRUP (BABY & INFANT)  120MG 100 ML,26,3,,23,BOX
A00005431,PONSTAN FORTE TABLETS 500MG  20`S,2,,41,43,BOX20
A00005446,PEDIAFER DROPS 15MG/ML,2,,,2,BOT
A00005449,PEDIAVIT D DROPS 50ML,,,6,6,BOT
A00005453,PANADOL ADVANCE TABLETS 24`S,81,33,81,129,PAK24
A00005455,PANADOL ADVANCE TABLETS 96`S,,,24,24,PAK96
A00005456,PANADOL ADVANCE TABLETS 48`S,43.25,10,180,213.25,PAK48
A00005458,PRONATAL TABLETS 30`S,,,16,16,PAK30
A00005463,PANADOL COLD & FLU ALL IN ONE 24`S,50.356,6,156,200.356,PAK24
A00005469,PANADOL EXTRA OPTIZORB TABLETS 48`S,96.75,,39,135.75,PAK48
A00005471,PEPTAZOL 15MG CAPSULES 14`S,3,,,3,PAK14
A00005485,PANADOL COLD & FLU - DAY  CAPLETS  24`S,54.691,,100,154.691,PAK24
A00005486,PANADOL COLD AND FLU CAPLETS  24 S,59.5,,48,107.5,PAK24
A00005492,PREDFORTE EYE DROPS 10MG/ML  5 ML,3,,,3,BOX
A00005498,PRIMOLUT N 5MG TABLETS  30`S,3.5,,,3.5,BOX30
A00005503,PROGYLUTON TABLETS  21`S,12,,2,14,BOX21
A00005508,PANADOL ACTIFAST  TABLETS 20 S,0.5,,,0.5,PAK20
A00005512,PANADOL NIGHT TABLETS 24`S,27.5,10,26,43.5,PAK24
A00005536,PREGVYTE TABLETS 30`S,1,,,1,PAK
A00005539,PEDIAVIT SELECT 50ML,,,2,2,PAK
A00005541,PULMICORT UNIT DOSE VIALS 0.25MG/ML 20 X 2ML,,,5,5,BOX20
A00005542,PULMICORT UNIT DOSE VIALS 0.5MG/ML 20 X 2ML,1.25,,,1.25,BOX20
A00005554,PANADOL SINUS  TABLETS  24 S,6,,11,17,PAK24
A00005578,ROFENAC 50 MG TABLETS  100`S,5.7,,15,20.7,BOX100
A00005600,ROFENAC GEL 1% 30 GM,5,,2,7,BOX
A00005603,ROFENAC GEL 50GM,6,,,6,PAK
A00005616,RICONIA TABLETS 100S,3,,,3,PAK100
A00005620,REVITAL TABLETS 30`S,4,,,4,PAK30
A00005621,RACIPER 20MG TABLETS 28`S,6.917,,,6.917,PAK28
A00005622,RACIPER 40MG TABLETS 28`S,1,,,1,PAK28
A00005625,SEPTILIN SYRUP  200 ML,1,,,1,PAK
A00005626,SNAFI 20 MG TABLETS 4 S,4.75,,,4.75,PAK4
A00005647,STORVAS 10 MG TABLETS  30`S,6.674,,,6.674,BOX30
A00005648,SIRDALUD 2 MG TABS,3.671,,,3.671,PAK30
A00005649,SEROXAT CR 12.5 TABLETS 30`S,1.668,,,1.668,PAK30
A00005650,STREPSILS LOZENGES EXTRA (BLACK CURRANT),6.5,,,6.5,PAK24
A00005651,STORVAS 20MG TABLETS 30`S,5.673,,,5.673,PAK30
A00005652,STREPSILS INTENSIVE LOZENGES 8.7MG 16`S,1.5,,28,29.5,PAK16
A00005656,SONGHA NIGHT TABLETS 30`S,2,,2,4,PAK30
A00005661,"SAPOFEN COLD AND FLU TABLETS, 20`S",1.5,,,1.5,PAK20
A00005662,SYSTANE ULTRA LUBRICATING EYE DROPS 30`S,0.833,,14,14.833,PAK30
A00005687,SPEMAN FORTE TABLETS 100'S,5,,,5,BOX100
A00005690,SPORIDEX CAPSULES 500MG 10`S,12,,,12,BOX10
A00005695,STREPSILS LOZENGES (HONEY/LEMON)  24`S,4.5,,22,26.5,BOX24
A00005696,STREPSILS WITH VIT-C LOZENGES  24`S,3,,,3,BOX24
A00005699,SAPOFEN TABLETS 400MG  20`S,7.5,,,7.5,BOX20
A00005706,SEROXAT TABLETS 20MG  30`S,0.336,,,0.336,BOX30
A00005708,SKINOREN CREAM  20 %  30 GM,1,,21,22,BOX
A00005722,STREPSILS LOZENGES (REGULAR)  24`S,3,,,3,BOX24
A00005723,STREPSILS LOZENGES (MENTHOL)  24`S,4,,,4,BOX24
A00005725,SINECOD DROPS  20ML,3,,,3,BOX
A00005726,SINECOD SYRUP   200ML,12,,,12,BOX
A00005736,SAPOFEN 600MG  TABLETS 30 S,15.338,,3,18.338,PAK30
A00005744,STREPSILS SUGAR FREE LOZENGES  16`S,6,,,6,BOX16
A00005745,SUPIROCIN OINTMENT 2%  15 GM,6,,,6,BOX
A00005754,TOBREX EYE DROPS 5 ML,,,3,3,VIL
A00005755,TENORMIN TABLETS 50MG  28`S,3,,3,6,BOX28
A00005756,TENORMIN TABLETS 100MG   28`S,5,,3,8,BOX28
A00005773,TENORMIN TABLETS 25MG  28`S,2.5,,3,5.5,BOX28
A00005782,TYLENOL SUPPOSITORIES 100MG  10`S,,,5,5,BOX10
A00005783,TYLENOL SUPPOSITORIES 200MG  10`S,,,5,5,BOX10
A00005786,TRAVOCORT CREAM  20 GM,9,,11,20,BOX
A00005788,TEGRETOL 200MG TABLETS  50`S,2,,,2,BOX50
A00005799,TELFAST 120MG TABLETS 15`S,5,,,5,BOX15
A00005800,TELFAST 180MG TABLETS 15`S,5,,5,10,BOX15
A00005803,TOBRADEX OPHTHALMIC SUSPENSION  5 ML,9,,4,13,BOX
A00005805,TOBRADEX OPHTHALMIC OINTMENT  3.5 GM,2,,16,18,BOX
A00005810,TRAVATAN EYE DROPS  40MCG/ML  2.5 ML,1,,,1,PAK
A00005812,SEROXAT CR 25 MG (PAROXETINE),2,,,2,PAK30
A00005819,TRIPLIXAM 10MG/2.5MG/5MG TABLETS 30`S,1,,1,2,PAK30
A00005820,TRAJENTA 5MG TABLETS 30`S,2.667,,,2.667,PAK30
A00005824,TRIPLIXAM 10MG/2.5MG/10MG F/C TABLETS 30`S,1,,2,3,PAK30
A00005825,TRIPLIXAM 5MG/1.25MG/5MG F/C TABLETS 30`S,1,,1,2,PAK30
A00005846,VOLTAREN TABLETS RETARD 100MG  10`S,3,,3,6,BOX10
A00005847,VOLTAREN TABLETS 50MG  20`S,5.5,,,5.5,BOX20
A00005850,VOLTAREN SUPPOSITORIES 50MG  10`S,,,2,2,BOX10
A00005854,VOLTAREN EMULGEL  (L)  50GM,7,,,7,BOX
A00005857,VOLTAREN TABLETS SR 75MG  10`S,8,,,8,BOX10
A00005858,VOLTAREN SUPPOSITORIES 12.5MG  10`S,,,5,5,BOX10
A00005864,VIGAMOX OPHTHALMIC SOLUTION (0.5%) 5ML,8,,,8,BOX
A00005877,VOLTFAST POWDER SACHETS 9`S,15.231,,20,35.231,PAK9
A00005880,VERINE 135MG TABLETS30`S,9.008,,,9.008,PAK30
A00005885,VOLTFAST 50MG POWDER SACHETS 30`S,18.447,,,18.447,PAK30
A00005899,XALATAN EYE DROPS 50MCG/ML  2.5 ML,,,2,2,BOX
A00005909,XYZAL FC TABLETS 30 S,6,,,6,PAK30
A00005911,XYLO-COMOD NASAL  SPRAY 0.1% 15ML,12,,20,32,PAK
A00005916,YASMIN TABLETS 21`S,9,,,9,PAK21
A00005921,ZENTEL TABLETS 200MG   2`S,,,10,10,BOX
A00005922,ZENTEL SUSPENSION 100MG/5ML,,,34,34,BOX
A00005924,ZOVIRAX CREAM 5% (S)  2 GM,6,,5,11,BOX
A00005926,ZYLORIC 100MG TABLETS  100 S,4.25,,,4.25,BOX100
A00005927,ZYLORIC 300MG TABLETS  28 S,1,,,1,BOX28
A00005929,ZESTRIL TABLETS 5MG  28`S,3,,,3,BOX28
A00005932,ZOVIRAX CREAM 5% (L)  10 GM,,,15,15,BOX
A00005933,ZESTRIL TABLETS 10MG  28`S,4,,,4,BOX28
A00005934,ZESTRIL TABLETS 20MG  28`S,1.5,,,1.5,BOX28
A00005937,ZYRTEC 10MG TABLETS  20`S,2.5,,2,4.5,BOX20
A00005942,ZYRTEC SOLUTION 0.1%  75 ML,4,,12,16,BOX
A00005944,ZOLOFT 50MG TABLETS  15 S,5,,,5,BOX15
A00005948,ZIMAX 200MG/5ML SUSPENSION 15 ML,,,5,5,PAK
A00005949,ZIMAX SUSPENSION 300MG/7.5ML 22.5ML,2,,,2,PAK
A00005955,ZENTEL 400MG TABLETS,37,10,20,47,PAK
A00005982,CYCLOGEST 400MG PESSARIES 15 S,4,,,4,PAK15
A00006001,FLUDREX SYRUP 120 ML,7,,10,17,BOT
A00006004,FLUDREX TABLETS 24 S,16.5,,10,26.5,PAK24
A00006008,FOLITAB 5MG 30`S,2.669,,16,18.669,PAK30
A00006023,NORMAL SALINE 0.9% W/V (KUWAIT P) 500ML,13,,,13,BOT
A00006042,PROXEN 250MG TABLETS  20`S,3,,,3,BOX20
A00006043,PROXEN 500MG TABLETS  20`S,3.5,,10,13.5,BOX20
A00006078,FLUCAZOL 150MG 1`S,12,,10,22,PAK
A00006086,LOHIST 10 MG TABLETS 10S,18,,40,58,PAK10
A00006097,OMOL SYRUP 120MG/5ML 100ML,10,,,10,BOX
A00006098,OMOL TABLETS 500MG 1000 S,,,10,10,BOX1000
A00006109,OMOL TABLET 500MG         20`S,13.5,,2,15.5,BOX20
A00006112,OMATAN TABLET 500MG       20`S,,,10,10,BOX20
A00006118,OMOL DROPS 15 ML,1,,,1,PAK
A00006122,OMCET SYRUP 5MG/5ML    100 ML,2,,25,27,PAK
A00006123,OMCET DROPS  10MG/ML  15ML,,,10,10,PAK
A00006124,OMOL  EXTRA 500MG TABLETS 20S,,,10,10,PAK20
A00006127,OMCET 10 MG 10 S,10,,36,46,BOX
A00006128,STOPKOF COUGH SYRUP  -ADULT 100 ML,5,,,5,PAK
A00006129,STOPKOF COUGH SYRUP -PEDIATRIC  100 ML,1,,,1,PAK
A00006130,ALKA -UR SACHETS 4 GM-10S,9.5,,10,19.5,PAK10
A00006132,AZONIT - D CREAM  20 G,4,,,4,PAK
A00006134,AMOCLAN 375MG TABLETS  20`S,5,,,5,BOX20
A00006135,AMOCLAN 625MG FORTE TABLETS 15`S,5.667,,,5.667,BOX15
A00006139,AMOCLAN 200 BID POWDER 70 ML,7,,,7,BOT
A00006140,AMOCLAN 400 BID POWDER 70 ML,10,,5,15,BOT
A00006180,CEFIX  SUSPN 100MG/5ML 30ML,,,2,2,BOT
A00006189,DICLOFEN CREAMOGEL 1%  30 GM,2,,,2,BOX
A00006219,EPIMAG POWDER SACHETS 10`S,,,13,13,BOX10
A00006221,FENDOL DS TABLETS 500MG 20`S,20.5,,,20.5,BOX20
A00006223,FERRO-FOL CAPSULES  30`S,0.667,,,0.667,BOX30
A00006306,HI-DEE 5000 IU SOFTGEL CAPUSLES 30`S,21,,3,24,PAK30
A00006307,"HI-DEE 10,000 IU SOFTGEL CAPSULES 30`S",3,,5,8,PAK30
A00006308,"HI-DEE 50,000 IU SOFTGEL CAPSULES 8`S",20,,10,30,PAK8
A00006344,NOPAIN TABLETS 250MG  20`S,13.5,,,13.5,BOX20
A00006345,NOPAIN DS TABLETS 500MG  10 S,17,,20,37,BOX10
A00006389,SUPRAX 100MG/5ML SUSPENSION  60ML,1,,,1,BOX
A00006390,SUPRAX 100MG/5ML SUSPENSION  30ML,1,,,1,BOX
A00006400,TIMOLOL MAL 0.25% EYE DROPS -ODH 5 ML,,,2,2,BOX
A00006401,TIMOLOL MAL 0.5% EYE DROPS-ODH  5 ML,,,2,2,BOX
A00006412,UNICAM GEL 50GM,4,,,4,BOX
A00006416,UNIVIT 400MG SOFTGEL CAPSULES 40`S,6,,5,11,PAK
A00006448,ADOL DROPS 100MG/ML 15ML,10,,10,20,BOX
A00006449,ADOL SYRUP 120MG 60ML,3,,40,43,BOX
A00006451,AMYDRAMINE SYRUP  120ML,13,,15,28,BOX
A00006455,ALFACORT 1% CREAM  15GM,18,,,18,TUB
A00006456,ADOL CAPLETS 500MG 24`S,24.5,,10,34.5,BOX24
A00006457,ADOL SUSPENSION 250MG 100ML,19,,,19,BOX
A00006458,AMYDRAMINE PEDIATRIC SYRUP  120ML,17,,10,27,BOX
A00006459,ALFACORT 1% OINTMENT  15GM,10,,,10,TUB
A00006460,ADOL SUPPOSITORIES 125MG 10`S,7,,30,37,BOX10
A00006461,ADOL SUPPOSITORIES 250MG 10`S,4,,20,24,BOX10
A00006463,ADOL 500MG CAPLETS 96`S,13.248,1,41,53.248,BOX96
A00006470,ADOL EXTRA CAPLETS 24 S,11.5,,10,21.5,PAK24
A00006471,ADOL ALLERGY AND SINUS TABLETS 24 S,,,5,5,PAK24
A00006473,AMYDRAMINE SUGAR FREE SYRUP 120ML,22,,20,42,BOT
A00006502,CANDIVAST 150MG CAPSULES 1 S,1,,,1,BOX
A00006509,CETRALON 10 MG TABLET  10 S,13,,,13,PAK10
A00006510,CETRALON SYRUP 75ML,4,,,4,PAK
A00006511,DIZINIL 50MG TABLETS  20 S,2,,,2,BOX20
A00006524,FOLICUM 5MG TABLETS  20 S,12,,8,20,BOX20
A00006530,GUPISONE TABLETS 5MG 20`S,17,,,17,BOX20
A00006531,GINSAVIT CAPSULES,,,11,11,BOX24
A00006533,GLYZIDE 80MG TABLETS 60`S,3.668,,,3.668,PAK60
A00006535,GYNO-MIKOZAL 200 MG  OVULES  7 S PACK,1,,,1,PAK7
A00006536,GYNO MIKOZAL 400MG VAGINAL OVULES 3`S,1,,,1,PAK
A00006569,LAXOCODYL 10MG SUPPOSITORY -ADULT 10`S,1,,,1,PAK10
A00006577,MOXAL PLUS SUSPENSION  100 ML,27,,,27,BOX
A00006579,MUSCADOL TABLETS  20 S,21.5,,16,37.5,BOX20
A00006584,MEBO CREAM  15 GM,7,,,7,BOX
A00006585,MEBO CREAM  30GM,2,,,2,BOX
A00006587,MOXAL SUSPENSION 200ML,34,,,34,PAK
A00006589,MUCUM SYRUP  100 ML,19,,35,54,BOT
A00006593,"MEBO SCAR OINTMENT,30GM",3,,,3,PAK
A00006626,PANDERM OINTMENT  15 GM,6,,,6,BOX
A00006629,PANDERM CREAM  15GM,3,,,3,BOX
A00006632,PREMOSAN TABLETS 10 MG 20 S,10,,,10,BOX20
A00006636,PROFINAL SUSPENSION  60ML,8,,,8,BOT
A00006638,PYRIDOXIN 40MG TABLETS  20`S,,,1,1,PAK20
A00006658,SCOPINAL 10MG TABLETS 20 S,13,,15,28,BOX20
A00006659,SOOLAN PEDIA SYRUP  100 ML,,,10,10,BOX
A00006664,SCOPINAL SYRUP 5MG/100 ML 100ML,4,,13,17,BOX
A00006690,XYLOLIN NASAL SPRAY 200 MD-ADULT 10 ML,6,,,6,PAK
A00006691,XYLOLIN NASAL SPRAY -CHILD  10ML 200 DOSES,14,,2,16,PAK
A00006749,AMOXYDAR 1GM TABLETS 10`S,,,3,3,PAK10
A00006757,CENTRUM TABLETS  30 S,5,,,5,BOX30
A00006762,CARBOSAN GEL  2% 5 GM,5,,,5,BOX
A00006771,CIPRODAR 500MG TABLETS  10`S,5,,,5,BOX10
A00006781,CLAVODAR 1GM TABLETS 14`S,33.5,,125,158.5,PAK14
A00006786,DAROXIME 500 MG TABLETS  10`S,10,,13,23,PAK10
A00006787,DAKTACORT CREAM  15 GM,10,,,10,BOX
A00006788,DAKTARIN CREAM  15 GM,,,26,26,BOX
A00006789,DAKTARIN ORAL GEL 2%  40 GM,,,32,32,BOX
A00006812,DICLOGESIC RETARD 100MG  TABLETS  10`S,,,10,10,BOX10
A00006849,IMODIUM 2MG CAPSULES  6`S,17,,24,41,BOX6
A00006855,LORATAN TABLETS  10`S,,,60,60,PAK10
A00006894,MYOGESIC 500MG TABLETS 50`S,5.6,,6,11.6,PAK50
A00006902,OLMETEC 20MG (OLMESARTAN MEDOXOMIL),,,8,8,PAK28
A00006903,OLMETEC 40MG (OLMESARTAN MEDOXOMIL),1.75,,,1.75,PAK28
A00006904,OMNIC OCAS 0.4MG TABLETS 30`S,4.005,,,4.005,PAK30
A00006905,OLMETEC PLUS 20/12.5MG TABLETS 28`S,0.5,,,0.5,PAK28
A00006906,OLMETEC PLUS 40/12.5MG TABLETS 28`S,0.75,,,0.75,PAK28
A00006925,ROWATINEX CAPSULES  50 S,1.6,,,1.6,BOX50
A00006930,ROWACHOL CAPSULES  50 S,1,,,1,BOX50
A00006962,VERMOX SUSPENSION 100MG/5ML  30ML,,,2,2,BOX
A00006963,VERMOX TABLETS 100MG  6`S,,,2,2,BOX6
A00006968,VESICARE 5MG TABLET,0.334,,,0.334,PAK30
A00006975,AIRONYL SYRUP 1.5MG/5ML 120 ML,25,,15,40,PAK
A00006981,B.B.C DENTAL SPRAY 30 GM,6,,,6,PAK
A00006987,DOXYLAG 100MG CAPSULES  100 S,1.9,,,1.9,BOX100
A00006997,FUNGISAFE CREAM 15G,3,,10,13,TUB
A00007000,HEXIDINE MOUTHWASH,30,,28,58,BOX
A00007005,JOGEL 20 GM GEL-ORAL,4,,5,9,PAK
A00007007,KETONIL SYRUP 1MG/5ML,,,3,3,BOT
A00007009,KETONIL 1MG TABLETS 30`S,,,19,19,PAK30
A00007015,METROLAG TABLETS 250MG  20 S,5.5,,,5.5,BOX20
A00007016,METROLAG TABLETS 500MG 24`S,2.67,,5,7.67,BOX24
A00007017,METROLAG TABLETS 250MG,,,10,10,BOX100
A00007021,METROLAG SYRUP 25MG/ML    60 ML,,,5,5,BOX
A00007036,ORACURE GEL 15GM,4,,,4,PAK
A00007037,OCTOZINC CAPSULES 2X 10`S,17,,,17,PAK
A00007059,TRILAGAVIT TABLETS  30`S,8.5,,10,18.5,BOX30
A00007064,ARISTOZYME CAPSULES 30`S,,,5,5,PAK30
A00007069,ARISTOZYME 50MG CAPSULES 10`S,14,,12,26,PAK10
A00007070,ARISTOZYME SYRUP 200ML,1,,7,8,PAK
A00007077,DAROLAC CAPSULES 100`S,,,5,5,PAK100
A00007078,DAROLAC SACHETS 1GM,9.5,,5,14.5,PAK10
A00007079,DREZ  OINTMENT 15GM,1,,,1,PAK
A00007141,PAMPERS NEWBORN  22`S,1,,,1,PAK
A00007339,OPPO MATERNITY BELT,,,1,1,PAK
A00007373,OPPO RIB BELT,1,,,1,PAK
A00007376,OPPO KNEE SUPPORT  (S),3,,,3,PAK
A00007382,OPPO HINGED KNEE SUPPORT (M),1,,,1,PAK
A00007383,OPPO HINGED KNEE SUPPORT (L),3,,,3,PAK
A00007386,OPPO KNEE SUPPORT  (M),7,,6,13,PAK
A00007395,OPPO KNEE SUPPORT  (L),5,,,5,PAK
A00007400,OPPO KNEE SUPPORT  (XL),3,,,3,PAK
A00007411,OPPO ANKLE SUPPORT  (S),,,6,6,PAK
A00007422,OPPO ANKLE SUPPORT  (M),6,,,6,PAK
A00007423,"OPPO WRIST/THUMB SUPPORT -M (1188-6R-BK-M),RIGHT",2,,,2,PAK
A00007424,"OPPO WRIST/THUMB SUPPORT -L (1188-6R-BK-L),RIGHT",2,,,2,PAK
A00007436,OPPO HEEL CUSHIONS (5452),1,,,1,PAK
A00007446,OPPO ABDOMINAL SUPPORT - M,3,,,3,PAK
A00007452,OPPO ELBOW SUPPORT -XL,3,,,3,PAK
A00007466,OPPO ELBOW SUPPORT  (L),2,,,2,PAK
A00007479,OPPO WRIST SUPPORT  (M),6,,,6,PAK
A00007480,OPPO WRIST SUPPORT  (L),8,,,8,PAK
A00007481,OPPO PALM BRACE  (S-LEFT),1,,,1,PAK
A00007487,OPPO ANKLE BRACE  (S),1,,,1,PAK
A00007490,OPPO KNEE BRACE  (S),,,3,3,PAK
A00007491,OPPO KNEE BRACE  (M),,,6,6,PAK
A00007492,OPPO KNEE BRACE  (L),,,6,6,PAK
A00007497,OPPO SACRO LUMBAR SUPPORT  (M),4,,,4,PAK
A00007499,OPPO SACRO LUMBAR SUPPORT  (XL),1,,,1,PAK
A00007501,OPPO CERVICAL COLLAR - SOFT  (L),1,,,1,PAK
A00007508,OPPO SOFT ICE BAG  (L),1,,,1,PAK
A00007514,OPPO BIOMAGNETIC KNEE SUPPORT  (L),1,,,1,PAK
A00007516,OPPO SILICON ELASTIMAX INSOLES N5,1,,,1,PAK
A00007526,OPPO TENNIS & GOLF ELBOW WRAP,,,1,1,PAK
A00007527,OPPO ABDOMINAL SUPPORT - L,1,,,1,PAK
A00007538,OPPO ANKLE SUPPORT (NEOPRENE) - XL,11,,,11,PAK
A00007614,SORCIERE SHAMPOO - PLAIN  500ML,,,10,10,BOX
A00007615,SORCIERE SHAMPOO - DANDRUFF  500ML,,,10,10,BOX
A00007759,NUBY.DISPOSABLE BREAST PADS 12 PCS,3,,,3,PAK
A00007875,AQUAX REPELLENT CREAM 75GM,,,2,2,PAK
A00007877,AQUAX DELICE SOLUTION 50ML,3,,,3,PAK
A00007928,CORNEX GEL 15GM,12,,,12,PAK
A00007942,DELICE SOLUTION 50ML,,,5,5,PAK
A00007955,ENSURE POWDER  400 GM,,,9,9,BOX
A00007988,GLUCERNA SR VANILLA POWDER  400 G,,,2,2,TIN
A00008078,MOOV SPRAY  150 ML,7,,4,11,CAN
A00008079,MOOV OINTMENT  100 G,8,,,8,PAK
A00008095,OMRON DIGITAL PERSONAL SCALE HN 289,1,,,1,BOX
A00008101,OMRON NEBULISER - C28,1,,,1,PAK
A00008118,OMRON ECOTEMP BASIC DIGITAL THERMOMETER,3,,,3,PAK
A00008144,RADIAN MASSAGE CREAM  40GM,1,,3,4,BOX
A00008145,RADIAN MASSAGE CREAM  100GM,1,,3,4,BOX
A00008160,SEBAMED BABY SHAMPOO 150ML,1,,,1,PAK
A00008180,SEBAMED ANTI STRETCH MARK CREAM 200ML,,,2,2,PAK
A00008181,SEBAMED BABY WIPES 72`S,2,,,2,PAK
A00008196,SEBAMED ANTIDANDRUFF SHAMPOO 200ML,2,,,2,PAK
A00008222,SEBAMED EVERYDAY SHAMPOO  200 ML,,,2,2,BOX
A00008244,SEBAMED CLEAFACE ANTI-PIMPLE GEL 10ML,1,,,1,PAK
A00008261,SEBAMED LIP DEFENCE STICK 3.8 G,,,6,6,PCS
A00008263,SEBAMED FEMININE INTIMATE WASH 200 ML,5,,2,7,PAK
A00008271,SEBAMED SUNCARE 50,7,,14,21,PAK
A00008273,SURECURE 0.1% CREAM 30GM,2,,,2,PAK
A00008277,SEBAMED BABY CLEANSING WIPES 25`S,7,,,7,PAK
A00008378,CERELAC WHEAT 400GM,1,,,1,PAK
A00008459,TYNOR FINGER SPLINT,1,,,1,PAK
A00008536,K-Y JELLY (L)  82 GM,5,,,5,BOX
A00008583,SALONPAS AIR SPRAY  80ML,4,,,4,BOX
A00008601,SALONPAS GEL 30GM,4,,,4,PAK
A00008616,TIGER BALM ( RED)    19.4 G,23,,,23,BOX
A00008634,PIGEON DISPOSABLE BREAST PADS  36`S,1,,,1,BOX
A00008635,PIGEON WEANING BOTTLE WITH SPOON  240ML,1,,,1,BOT
A00008636,PIGEON SILICONE NIPPLES 3`S (S),3,,,3,BOX
A00008684,PIGEON COMB & BRUSH SET,1,,,1,BOX
A00008685,PIGEON MANUAL BREAST PUMP,1,,,1,PAK
A00008725,APTAMIL COMFORT-1 & 2  400 G,,,5,5,TIN
A00008735,APTAMIL HN 25  400 GM,,,5,5,TIN
A00008829,CLOVE OIL B.P (CARE)  10ML,,,12,12,BOX
A00008853,CALAMINE LOTION - BELL  100ML,,,6,6,BOT
A00008857,COREGA WHITENING TABLETS 32`S,,,5,5,PAK32
A00008858,COREGA ULTRA CREAM 40ML,4,,5,9,PAK
A00008859,CONTIFLO OD 0.4MG CAPS 10`S,20,,32,52,PAK10
A00008877,CORRECTION NATURAL WHITENING SOAP 85GM,,,1,1,PAK
A00008884,COREGA FULL DENTURE TABLETS 36`S,4,,7,11,PAK36
A00008885,COREGA SUPER CREAM TASTE FREE 40GM,3,,5,8,PAK
A00008890,DEKASAN POWDER  100 GM,4,,,4,BOX
A00008894,DEEP HEAT RUB (L)  100 GM,5,,5,10,BOX
A00008895,DEEP HEAT RUB (S)  35 GM,,,5,5,BOX
A00008896,DEEP HEAT SPRAY  150 ML,4,,5,9,BOX
A00008897,DUREX EXTRA SAFE CONDOMS  12`S,,,6,6,BOX12
A00008902,DUREX PLAY - TINGLE  50 ML,,,3,3,BOT
A00008903,DUREX PLAY - HEAT  50 ML,,,3,3,BOT
A00008910,DUREX EXTRA SAFE CONDOMS  6`S,,,6,6,BOX6
A00008932,DUREX FEATHERLITE CONDOMS 3`S,,,3,3,PAK
A00008933,DUREX EXTRA SAFE CONDOMS 3`S,,,9,9,PAK
A00008938,DUREX PLAY - FEEL  50ML,,,3,3,BOT
A00008941,DUREX 2 IN 1 MASSAGE GEL  200ML,,,3,3,PAK
A00009030,FADE OUT WHITE REJUV ANTI WRINKLE CREAM 50ML,,,2,2,PAK
A00009034,FLEXITOL HAND BALM 56GM,2,,,2,PAK
A00009038,FLEXITOL LIP BALM 10GM,,,2,2,PAK
A00009104,HERMESETAS TABLETS (ORIGINAL)  300`S,,,5,5,PAK
A00009320,HEALTH- AID MEGA GARLIC OIL ODOURLESS CAPSULES 30`S,,,1,1,BOX
A00009395,NOVO FINE NEEDLES 31 G 100 S,2.82,,,2.82,BOX100
A00009412,NAN 2 800GM,,,5,5,PAK
A00009426,OPSITE SPRAY DRESSING  110ML,5,,,5,BOX
A00009481,PARODONTAX TOOTHBRUSH SOFT,1,,,1,PCS
A00009483,PIGEON BOTTLE BPA-FREE (ANILMALS) 240ML,3,,,3,PAK
A00009485,PIGEON BOTTLE BPA-FREE(ANIMALS) 120ML,4,,,4,PAK
A00009487,PARODONTAX TOOTHPASTE EXTRA FRESH 75ML,,,3,3,PAK
A00009492,PARODONTAX TOOTHPASTE ULTRA CLEAN,1,,,1,PAK
A00009532,PARODONTAX TOOTHPASTE (S) -ORIGINAL  75 ML,3,,2,5,BOX
A00009533,PARODONTAX TOOTHPASTE (S)-FLUORIDE  75 ML,3,,2,5,BOX
A00009565,PIGEON WEANING BOTTLE WITH SPOON 120ML,2,,,2,PAK
A00009644,SENSODYNE T/PASTE (ORIGINAL)   -75ML,,,3,3,BOX
A00009646,SENSODYNE T/PASTE (FLUORIDE)-75ML,,,3,3,BOX
A00009681,SYSTANE LUBRICATING EYE DROPS 10ML,19,,,19,PAK
A00009718,SENSODYNE MULTICARE PLUS WHITENING TOOTH PASTE 75ML,,,6,6,PAK
A00009739,SENSODYNE T/P ADVANCED REPAIR AND PROTECT EXTRAFRESH 75ML,,,6,6,PAK
A00009740,SENSODYNE T/B REPAIR & PROTECT- SOFT,1,,,1,PAK
A00009742,SENSODYNE T/P ADVANCED REPAIR&PROTECT WHITENING 75ML,6,,,6,PAK
A00009743,SENSODYNE TOOTHPASTE RAPID ACTION WHITENING 75ML,1,,,1,PAK
A00009843,TEEJEL GEL (MUNDI PHARM) 10 GM,1,,,1,PAK
A00009880,VICKS INHALER,13,,42,55,BOX
A00009883,VICKS VAPORUB 50GM (M),13,,9,22,BOX
A00009884,VICKS VAPORUB 100GM(L),15,,,15,BOX
A00010016,ALWAYS SUPER  10`S,2,,,2,PAK
A00010076,JOYDROPS DELAY WET WIPE,,,5,5,PAK
A00010136,MOOV OINTMENT  50 GM,14,,3,17,BOX
A00010163,ACCUCHECK ACTIV STRIPS 50`S,2,,,2,PAK
A00010165,ACCUCHEK SOFTCLIX AC PEN,1,,,1,PAK
A00010167,AMRUTANJAN FASTER RELAXATION ROLL ON (10ML),4,1,,3,PAK
A00010168,AMRUTANJAN RELIEF COUGH & COLD INHALER,,,20,20,PAK
A00010337,PIC 2-SIDED RIBBED HOT WATER BAG WITH COVER,5,,,5,PAK
A00010639,JOHNSONS BABY POWDER (S)  100 GM,1,,,1,BOX
A00010875,ORAL-B INTERDENTAL SET,1,,,1,PAK
A00010881,ORAL B SATIN TAPE- MINT,5,,,5,PAK
A00011000,BABY NAM SYRUP,,,2,2,PAK
A00011096,NIZORAL LOTION (L)   100 ML,2,,,2,BOX
A00011202,CONFORMING BANDAGE 5CM,29,,222,251,PCS
A00011203,CONFORMING BANDAGE 7.5CM,38,,22,60,PCS
A00011204,CONFORMING BANDAGE 10CM,2,,78,80,PCS
A00011207,CONFORMING BANDAGE 15CM KBM,,,44,44,PAK
A00011211,COTTON CREPE BANDAGE 2`` KBM,,,12,12,PAK
A00011213,COTTON CREPE BANDAGE 6`` KBM,3,,,3,PAK
A00011215,COTTON CREPE BANDAGE 3`` KBM,4,,12,16,PAK
A00011216,COTTON ROLL 500GM,6,1,,5,PAK
A00011217,COTTON ROLL 100GM,2,,,2,PAK
A00011218,COTTON ROLL 50GM,14,,,14,PAK
A00011279,FIRST AID BOX (RAWABI DELTA),,,1,1,BOX
A00011356,GENTADEXA EYE/EAR DROPS  10 ML  1 S,,,12,12,BOX
A00011357,BRONCARE 120 ML SYRUP,2,,,2,PAK
A00011359,BIOCARE CREAM 20GM,4,,,4,PAK
A00011361,BIOCARE DX CREAM 20GM,1,,,1,PAK
A00011364,"MUPIROCIN SAJA OINTMENT 2%, 20GM",5,,,5,PAK
A00011365,SIMEDILL SYRUP 120 ML,97,,28,125,BOT
A00011367,"VAGICLIND VAGINAL CREAM 2%, 20GM",3,,,3,PAK
A00011372,CIALIS 20MG F/C TABLETS,25,,2,27,PAK4
A00011385,GENCET 5MG/5ML 100ML,,,15,15,PAK
A00011386,LEVANIX 500MG F/C TABLETS 5`S,,,12,12,PAK5
A00011398,NEOMOX POS 125MG/5ML 100ML,1,,,1,PAK
A00011404,NEOCLAV 1GM FC TABLETS 14`S,,,12,12,PAK14
A00011407,RENALKA EFFERVESCENT GRANULES SACHETS 28`S,,,5,5,PAK28
A00011408,ALGESAL BAUME CREAM 40GM,16,,,16,PAK
A00011409,JOS-PAN SYRUP 100ML,3,,,3,BOT
A00011414,DEPAKINE CHRONO 500MG TABLETS  30`S,2,,,2,BOX30
A00011415,PLAVIX 75MG TABLETS 28`S,6,,,6,BOX28
A00011416,APROVEL 150 MG TABLETS  28`S,3,,,3,PAK28
A00011423,CO APROVEL 150MG/12.5MG TABLETS 28S,,,3,3,PAK28
A00011437,SPASMOMEN 40MG F.C.TABLETS 30`S,5.676,,,5.676,PAK30
A00011441,AMOXAPEN 500MG CAPSULES  20`S,,,10,10,BOX20
A00011454,AMLORINE 5MG TABLETS 30`S,3.334,,,3.334,PAK30
A00011455,AMLORINE 10MG TABLETS 30`S,5,,,5,PAK30
A00011461,PERAZONE 0.5MG TABLETS  1000`S,0.88,,,0.88,BOX1000
A00011462,REMEDOL 500MG TABLETS  20`S,,,28,28,BOX20
A00011467,REMETHAN TABLETS 100R   1000`S,,,1,1,BOX1000
A00011469,REMYCIN 100MG CAPSULES  10`S,22,,,22,BOX10
A00011471,CLAVOMID 625MG TABLET,14.5,,,14.5,PAK20
A00011473,FAMOPSIN 20MG TABLETS 30`S,0.002,,6,6.002,BOX30
A00011476,GLITISOL 5MG TABLETS 40`S,,,3,3,BOX40
A00011479,INDOREM 25MG CAPS 30`S,,,35,35,BOX30
A00011480,ISOREM S/L TABLETS 5 MG  100 S,0.5,,,0.5,PAK100
A00011481,LOPERIUM 2 MG TABS 10 S,2,,41,43,BOX10
A00011483,NIFELAT 20MG R TABLET 30`S,2.334,,,2.334,BOX30
A00011486,CIALIS 5MG F/C TABLETS 28`S,12,,,12,PAK28
A00011492,VIRECTA 50MG F/C TABLETS 3`S,21.339,,60,81.339,PAK3
A00011502,PROSTA-TAB 0.4MG PROLONGED RELEASE TABLETS 30`S,68.003,,,68.003,PAK30
A00011632,LEVOTAB 500MG TABLETS 5`S,31,2,110,139,PAK5
A00011633,LEVOTAB 500MG TABLETS 7`S,,,5,5,PAK7
A00011636,FORXIGA 10MG F/C TABLETS 28`S,1.5,,4,5.5,PAK28
A00011637,FORXIGA 5MG F/C TABLETS 28`S,1.5,,,1.5,PAK28
A00011638,GLUCOPHAGE 500MG TABLETS 50`S,11.4,,51,62.4,PAK50
A00011640,STREPSILS WARM GINGER LOZENGES 16`S,2,,6,8,PAK16
A00011644,ITRAZOL 100MG CAPSULES 15`S,15.014,,,15.014,PAK15
A00011645,ITRAZOL 100MG CAPSULES 4`S PACK,,,23,23,PAK
A00011648,ENSURE POWDER 850GM,,,2,2,PAK
A00011655,SENSODYNE TOOTHPASTE RAPID ACTION LONG LASTING 75ML,3,,3,6,PAK
A00011659,ZECUF LOZENGES (LEMON) 2X12`S BLISTER PACK,15.5,,,15.5,PAK24
A00011660,ZECUF LOZENGES (ORANGE) 2X12`S BLISTER PACK,14.5,,,14.5,PAK24
A00011661,ZECUF LOZENGES (PINEAPPLE) 2X12`S BLISTER PACK,3.5,,,3.5,PAK24
A00011662,ZECUF LOZENGES (STRWBERRY) 2X12`S BLISTER PACK,3,,,3,PAK24
A00011663,ZECUF LOZENGES (HERBAL) 2X12`S BLISTER PACK,8,,,8,PAK24
A00011664,ZECUF LOZENGES(SUGAR FREE) 2X12`S BLISTER PACK,12.5,,,12.5,PAK24
A00011665,ZECUF LOZENGES(HONEY&LEMON) 2X12`S BLISTER PACK,15,,,15,PAK24
A00011682,OSTEOCARE FIZZ EFFERVECSENT TABLETS 20`S,19,,,19,PAK20
A00011827,CERAZETTE TABLETS 28`S,,,10,10,PAK28
A00012352,OMIZ PLUS CAPSULES 28`S,3,,,3,PAK28
A00012420,COFEX SYRUP 150ML,,,30,30,BOT
A00012764,FASTUM GEL 2.5% DISPENSER TUBE 100GM,5,,,5,PAK
A00013087,FASTUM GEL DISPENSER TUBE 50GM,6,,,6,PAK
A00013525,PREXAL 10MG TABLETS 30`S,4,,,4,PAK30
A00014238,SALONPAS PATCHES 20`S,6,,20,26,BOX
A00014427,PREXAL 5MG TABLETS 30`S,1.335,,5,6.335,PAK30
A00014449,ACCU-CHEK PERFORMA STRIPS 50`S (FOC),,,2,2,PAK
A00014914,SEBAMED DEODORANT ROLL-ON,,,6,6,PAK
A00014918,LOTEVAN 5MG/160MG FC TABLETS 30`S,13.001,,,13.001,PAK30
A00015316,MEGAZA CAPSULE 30`S,6,,,6,PAK30
A00015382,RYZODEG FLEXPEN INSULIN 5`S,2,,1,3,PAK5
A00015408,CELEBREX 200MG CAPSULES 30'S,,,3,3,PAK30
A00015421,K-FLAM POWDER FOR ORAL SOLUTION 50MG,,,91,91,PAK30
A00015425,MUCOSOLVAN LA CAPSULES 75MG 10'S,1,,,1,PAK10
A00015426,GLUCOVANCE 1000/5MG F.C.TABLETS 30'S,5.5,,,5.5,PAK30
A00015439,VOLTAREN EMULGEL 12HRS 2.32% 50GM,4,,,4,PAK
A00015444,JARDIANCE 10MG TABLETS 30'S,2.667,,,2.667,PAK30
A00015448,URILAX 5MG F/C TABLETS 30'S,1.667,,,1.667,PAK30
A00015460,LOTEVAN 10MG/160MG FC TABLETS 30`S,5.338,,,5.338,PAK30
A00015467,NAN 1 BL NWB019-4-S 400GM,,,5,5,PAK
A00015499,URILAX 10MG F/C TABLETS 30'S,2,,,2,PAK30
A00015544,NEXIUM 10MG SACHETS 28'S,1.144,,,1.144,PAK28
A00015545,EZIPAN SYRUP 100ML,47,,,47,PAK
A00015581,EZE IVY SYRUP 100 ML,12,,,12,BOT
A00015594,BIOSOFT EYE DROPS 10ML,4,,,4,PAK
A00015609,LEGALON FORTE 140MG CAPSULES 30'S,4,,,4,PAK30
A00015638,GASEX TABLETS 60'S,3,,,3,PAK60
A00015648,LEVONIC 500MG TABLETS 5'S,,,5,5,PAK5
A00015661,SODIUM CHLORIDE INHALATION SOLUTION 2.5ML 10'S,17.5,,,17.5,PAK10
A00015662,NAN 1 OPTIPRO HMO 400GM,,,5,5,PAK
A00015663,NAN 1 OPTIPRO HMO 800GM,,,5,5,PAK
A00015667,INFAJOY OINTMENT 50GM,2,,,2,PAK
A00015677,EUCERIN SUN ANTI-AGE SPF 50+,,,4,4,PAK
A00015683,SENSIBIO H2O 500ML,2,,,2,PAK
A00015722,DAROLAC CAPSULES 10'S,2,,,2,PAK10
A00015725,ANTINAL 200MG CAPSULES 24'S,2.5,,,2.5,PAK24
A00015732,AG SUPER ENERGEX CAPSULES 30'S,,,11,11,PAK
A00015740,CYSTONE TABLETS 60'S,7,,,7,PAK
A00015752,NEUROBION INJECTION 6x3ML,21.333,,,21.333,BOX6
A00015753,TENTEX ROYAL CAPSULES 30'S,1.996,,,1.996,PAK30
A00015754,KOFLET SYRUP 200ML,14,,,14,PAK
A00015839,LAVISTINA 16MG TABLETS 40'S,7.25,,5,12.25,PAK40
A00015852,MAESTRO 50MG F/C TABLETS 4'S,19.25,,,19.25,PAK4
A00015870,DILAMUC SYRUP 100ML,10,,,10,PAK
A00015886,CUFLEVE SYRUP 120ML,14,,,14,PAK
A00015887,CODELEVE SYRUP 120ML,15,,3,18,PAK
A00015889,CLEAR PREG ONE STEP HCG TEST,13,,50,63,PAK
A00015890,NAN 2 OPTIPRO HMO 400GM,,,5,5,PAK
A00015891,NAN 2 OPTIPRO HMO 800GM,,,5,5,PAK
A00015917,PARODONTAX COMPLETE PROTECTION TOOTHPASTE,4,,,4,PAK
A00015919,NAN 3 OPTIPRO 400GM,,,5,5,PAK
A00015920,NAN 3 OPTIPRO 800GM,,,5,5,PAK
A00015922,ASTHATOR 10MG TABLETS 30'S,4.003,,,4.003,PAK30
A00015943,SYNJARDY 12.5MG/1000MG F/C TABLETS 60`S,0.833,,,0.833,PAK60
A00015976,RESOLVE PLUS CREAM 1.0 30GM,1,,,1,PAK
A00015983,FREE LICE SHAMPOO 200ML,6,,,6,PAK
A00015994,L-CET ORAL SOLUTION 0.5MG/ML 100ML,1,,1,2,BOT
A00015995,ASPILO 81MG TABLETS 28'S,1.5,,,1.5,PAK28
A00015996,MEYER'S OLIGOCARE FORTE TABLETS 30'S,3.8,,,3.8,PAK30
A00015997,MEYER'S OVACARE TABLETS 30'S,3,,5,8,PAK30
A00015999,MEYER'S ASMAVIT TABLETS 30'S,15,,,15,PAK30
A00016062,MYDOCALM 150MG TABLETS 30'S,2.507,,,2.507,PAK30
A00016063,NAN 2 OPTIPRO 400GM,,,5,5,PAK
A00016064,NAN 2 OPTIPRO 800GM,,,5,5,PAK
A00016073,ZECUF HERBAL COUGH REMEDY SYRUP 180ML,13,,,13,PAK
A00016117,KIDICARE + SYRUP 200ML,,,2,2,PAK
A00016129,SEPTILIN TABLETS 60'S,1,,,1,PAK
A00016131,SYSTANE ULTRA DROPS 10ML,6,,,6,PAK
A00016154,ATOXIA 60MG TABLETS 10'S,5,,,5,PAK10
A00016155,ATOXIA 90MG TABLETS 10'S,3,,,3,PAK10
A00016156,ATOXIA 120MG TABLETS 10'S,25,,,25,PAK7
A00016157,RELEZIN 2MG TABLETS 30'S,27.014,,10,37.014,PAK30
A00016158,RELEZIN 4MG TABLETS 30'S,32.005,,10,42.005,PAK30
A00016251,MONTAIR 10 MG F/C TABLETS 30`S,,,13,13,PAK30
A00016252,MONTAIR 5MG CHEWABLE TABLETS 30`S,,,10,10,PAK30
A00016281,CRESTOR 5MG TABLETS 28'S,2,,5,7,PAK28
A00016321,SHINE VITAMIN C 500 PLUS TABLETS 60`S,4,,,4,PAK60
A00016339,MASCULAN LUBRICANT 'GREEN APPLE' DISPENSERS 75ML,,,4,4,PAK
A00016513,WELLMAN TABLETS 30'S,14,,,14,PAK30
A00016544,TASKINE 400MG S.G CAPSULES 20'S,,,5,5,PAK20
A00016546,CLINDACIN CAPSULES 300MG 2x8'S PACK,10,,3,13,PAK16
A00016547,PANTOR F.C TABLETS 40MG 30'S,0.337,,5,5.337,PAK30
A00016563,LOFLAM 100MG TABLETS 20'S,,,20,20,PAK20
A00016569,LABO HAIR LOSS 5 PATENTS -WOMAN,3,,,3,PAK
A00016591,"PIGEON GLASS NURSER, K-6, 200ML",2,,,2,BOT
A00016598,NEUROBION COATED TABLETS 30'S,18.687,,,18.687,PAK30
A00016599,HI-DEE 2000 IU DROPS 10ML,,,20,20,BOT
A00016600,HI-DEE 2000 IU 30 SOFTGELS,5,,5,10,PAK
A00016623,"DUREX LUBES PLAY SWEET STRAWBERRY, 50ML",,,3,3,BOT
A00016634,"KLY LUBRICATING GEL, 42 GMS",,,2,2,TUB
A00016635,"KLY LUBRICATING GEL, 82 GMS",1,,,1,TUB
A00016660,SEBAMED BABY LIP BALM 4.8 GM,2,,,2,PAK
A00016669,"VICHY SPF 50+ DRY TOUCH, 50 ML",,,1,1,PAK
A00016680,JOLLY ADULT DIAPER (L) 30'S,1,,,1,PAK
A00016681,JOLLY ADULT DIAPER (M) 30'S,1,,,1,PAK
A00016729,DEPLATT 75 MG TABLET 30`S,2.335,,,2.335,PAK30
A00016733,ZECUF IMMUNE LOZENGES ORANGE FLAVOR 24'S,3,,,3,PAK24
A00016742,XIGDUO XR 10MG/1000MG TABLETS 30'S,,,1,1,PAK30
A00016743,XIGDUO XR 10MG/500MG TABLETS 30'S,1,,,1,PAK30
A00016745,GLIM 4MG TABLETS 30`S,4.004,,,4.004,PAK30
A00016757,SEROFLO 125 HFA SYNCHROBREATHE INHALER,,,3,3,PAK
A00016758,CONCAVIT CAPSULES 2X15'S,11,,,11,PAK30
A00016759,IRONORM ORAL DROPS 15ml,3,,,3,PAK
A00016761,FREE BREATH MD NASAL SPRAY 20ML,6,,,6,PAK
A00016780,PANADOL ELIXIR 100ML 240MG/5ML 5-12 YRS,12,,,12,PAK
A00016822,CITRA LOZENGES 20'S,,,5,5,PAK20
A00016825,DEPURDENT TOOTHPASTE 75GM,,,5,5,PAK
A00016831,GAVISCON DOUBLE ACTION TABLETS 32'S,8.25,,10,18.25,PAK32
A00016832,GAVISCON DOUBLE ACTION LIQUID 300ML,10,,26,36,PAK
A00016840,SENERGY 10MG/160MG FC TABLETS 30'S,,,1,1,PAK30
A00016841,SENERGY 5MG/160MG FC TABLETS 30'S,1,,,1,PAK30
A00016843,ALKA CRAN SACHETS 10'S,23.4,,40,63.4,PAK10
A00016844,EMOFORM GUMCARE 75ML,,,3,3,PAK
A00016845,EMOFORM F SENSITIVE 75ML,,,3,3,PAK
A00016848,OPTIFREE CONTACT LENS SOLUTION 120ML,1,,2,3,PAK
A00016853,NEXCARE LIQUID BANDAGE SPRAY,2,,,2,PAK
A00016863,VISIONACE TABLETS 30'S,,,5,5,PAK30
A00016873,QV CREAM 24HRS MOISTURISATION 100GM,,,2,2,PAK
A00016874,QV LIP BALM WITH SPF 30 15GM,3,,5,8,PAK
A00016883,CALATONE 100ML,1,,1,2,PAK
A00016884,HYDROGEN PEROXIDE 250ML,3,,,3,PAK
A00016920,CALAMINE LOTION 200ML (PHILADELPHIA),,,26,26,PAK
A00016921,AMARYL 2MG TABLETS 30'S,1.5,,,1.5,PAK30
A00016922,AMARYL 3MG TABLETS 30'S,4,,,4,PAK30
A00016925,SOLGAR CHELATED MAGNESIUM 100'S,,,5,5,PAK
A00016927,POVADINE 30ML,2,,48,50,PAK
A00016928,MICOBAN SOLUTION SPRAY,,,1,1,PAK
A00016943,GLENCET TABLETS 5MG 30'S,4.674,,,4.674,PAK30
A00016945,EUCERIN EVEN PIGMENT PERFECTOR NIGHT CREAM 50ML,1,,2,3,PAK
A00016963,PERFECTIL TABLETS 30`S,3.5,,,3.5,PAK30
A00016970,SLEEPNEED 5MG TABLETS 30'S,3.686,,20,23.686,PAK30
A00017031,PEDIAFAST DROPS 0.1% 25ML,,,5,5,PAK
A00017046,ROSUVAS 10MG F/C TABLETS 30'S,,,10,10,PAK30
A00017056,APTAMIL ADVANCE 1 400GM,,,5,5,PAK
A00017057,APTAMIL ADVANCE 2,,,5,5,PAK
A00017063,CETAPHIL GENTLE SKIN CLEANSER 118ML,2,,2,4,PAK
A00017066,CETAPHIL MOISTURIZING CREAM 100GM,,,2,2,PAK
A00017068,CORN PLASTERS (CURE AID) 10'S,,,20,20,PAK
A00017072,VISSCO CERVICAL COLLAR-SOFT (L) 0304,,,2,2,PAK
A00017078,"VISSCO 8"" ABDOMINAL BELTS (M) 0501",,,1,1,PAK
A00017079,"VISSCO 8"" ABDOMINAL BELTS (L) 0501",,,1,1,PAK
A00017080,VISSCO SACRO LUMBAR BELT - NEW DESIGN (M) 0101,1,,,1,PAK
A00017081,VISSCO SACRO LUMBAR BELT - NEW DESIGN (L) 0101,1,,,1,PAK
A00017083,VISSCO CLAVICLE BRACE (ADULT) 0802,1,,,1,PAK
A00017084,VISSCO ARM POUCH SLING (M) 0805,,,1,1,PAK
A00017085,VISSCO ARM POUCH SLING (L) 0805,,,1,1,PAK
A00017086,VISSCO ARM POUCH SLING (XL) 0805,1,,,1,PAK
A00017088,VISSCO UNIVERSAL COCK-UP SPLINT (UNIVERSAL) 0601,,,1,1,PAK
A00017090,VISSCO ELBOW BRACE (M) 0620,,,1,1,PAK
A00017091,VISSCO ELBOW BRACE (L) 0620,,,7,7,PAK
A00017094,VISSCO PRO- TENNIS ELBOW SUPPORT (UNIVERSAL) 2617,,,2,2,PAK
A00017100,VISSCO KNEE SUPPORT (M) 0704,,,1,1,PAK
A00017101,VISSCO KNEE SUPPORT (L) 0704,,,1,1,PAK
A00017102,VISSCO KNEE SUPPORT (XL) 0704,1,,2,3,PAK
A00017104,VISSCO KNEE CAP (M) 0705,,,5,5,PAK
A00017105,VISSCO KNEE CAP (L) 0705,,,4,4,PAK
A00017106,VISSCO KNEE CAP (XL) 0705,5,,,5,PAK
A00017117,VISSCO HEEL CUSHION PAIR (UNIVERSAL) 0710/0728,,,1,1,PAK
A00017118,VISSCO ORTHOPAEDIC INSOLES (THIN) M 0713,,,1,1,PAK
A00017119,VISSCO ORTHOPAEDIC INSOLES (THIN) L 0713,,,1,1,PAK
A00017120,VISSCO ORTHOPAEDIC INSOLES (THIN) XL 0713,,,1,1,PAK
A00017134,APTAMIL ADVANCE JUNIOR 3 400GM,,,5,5,PAK
A00017144,TUMS ANTACID EXTRA STRENGTH CHEWABLE TABLETS 48'S,,,2,2,PAK
A00017148,BIOGENE SACHET EFFERVESCENT POWDER 25'S,,,1,1,PAK25
A00017149,FIBEREX GRANULES 150GM,,,13,13,PAK
A00017151,URISOL EFFERVESCENT GRANULES SACHETS(LEMON FLAVOR) 14'S,19.927,,70,89.927,PAK14
A00017152,TELSWIFT 40MG TABLETS 28'S,,,16,16,PAK28
A00017153,TELSWIFT 80MG TABLETS 28'S,,,5,5,PAK28
A00017160,ACCU-CHEK GUIDE TEST STRIPS 50'S,1,,2,3,PAK
A00017207,ROLES 20MG GASTRO RESISTANT TABLETS 14'S,,,4,4,PAK14
A00017214,MEYERVIT D3 ORAL DROPS 30ML,,,13,13,PAK
A00017231,AG RELAXEN DAY CAPSULES 40'S,6,,,6,BOT
A00017232,AG DIGEST 365 CAPSULES 30'S,3,,5,8,BOT
A00017233,MONTAIR 4MG CHEWABLE TABLETS 30`S,,,12,12,PAK30
A00017235,APTAMIL ADVANCE 1 900GM,,,5,5,PAK
A00017236,APTAMIL ADVANCE 2 900GM,,,5,5,PAK
A00017237,APTAMIL ADVANCE 3 900GM,,,5,5,PAK
A00017250,EUCERIN EVEN PIGMENT PERFECTOR HAND CREAM 75ML,,,2,2,PAK
A00017252,EUCERIN EVEN PIGMENT PERFECTOR DUAL SERUM 2x15ML,1,,2,3,PAK
A00017253,EUCERIN EVEN PIGMENT PERFECTOR FACIAL CLEANSING FOAM 150GM,,,4,4,PAK
A00017255,EUCERIN 1+1 OFFER SUN MATTIFYING FLUID SPF50+ 2x50ML,,,1,1,PAK
A00017256,EUCERIN 1+1 OFFER SUN ANTI AGE FLUID SPF50+ 2x50ML,,,2,2,PAK
A00017258,EUCERIN LIP ACTIVE SPF15+ 4.8GM,2,,2,4,PAK
A00017259,EUCERIN REPAIR HAND CREAM 5% UREA 75ML,1,,,1,PAK
A00017261,EUCERIN EVEN PIGMENT PERFECTOR DAY CREAM SPF30 50ML,,,2,2,PAK
A00017262,EUCERIN EVEN PIGMENT PERFECTOR SPOT CORRECTOR 5ML,,,2,2,PAK
A00017263,EUCERIN DERMO PURIFYER OIL CONTROL SKIN RENEWAL TREATMENT 40ML,,,1,1,PAK
A00017264,EUCERIN DERMO PURIFYER OIL CONTROL SCRUB 100ML,,,1,1,PAK
A00017266,QV INTENSIVE MOISTURISER 100GM,2,,2,4,PAK
A00017267,QV FACE EYE CREAM 15GM,,,5,5,PAK
A00017268,QV FACE MAKEUP REMOVAL WIPES AT,,,5,5,PAK
A00017270,QV CREAM 500GM PUMP,,,2,2,PAK
A00017272,QV BABY MOISTURIZING CREAM 100GM,1,,,1,PAK
A00017280,VICHY CAPITAL SOLEIL TINTED DRY TOUCH FLUID 50 ML SPF 50,1,,,1,PAK
A00017285,VICHY DEODORANT ROLL-ON ANTI-PERSPIRANT (GREEN CAP) 50ML,2,,,2,PAK
A00017286,VICHY DEODORANT ROLL-ON ANTI-PERSPIRANT (WHITE CAP) 50ML,6,,,6,PAK
A00017289,VICHY IDEAL SOLIEL VELVETY CREAM SPF50+ 50ML,1,,,1,PAK
A00017291,VICHY DERCOS ENERGISING SHAMPOO WITH AMINEXIL 200ML,1,,,1,PAK
A00017292,VICHY IDEAL SOLEIL 50+ FACE DRY TOUCH 50ML,1,,,1,PAK
A00017294,VICHY ANTIDANDRUFF SHAMPOO MICROBIOME DRY HAIR 200ML,2,,2,4,PAK
A00017295,HEROX 5 MG F/C TABLETS 30'S,8.35,,,8.35,PAK30
A00017296,HEROX 20 MG F/C TABLETS 4'S,13.15,,,13.15,PAK4
A00017297,LAX-TAB 5MG GASTRO RESISTANT TABLETS 50`S,9,,28,37,PAK
A00017307,PANADOL JOINT TABLETS 24'S,21,,,21,PAK24
A00017308,ZYNOSTAT 40MG F/C TABLETS 30'S,4.667,1,2,5.667,PAK30
A00017309,ZYNOSTAT 80MG F/C TABLETS 30'S,,,2,2,PAK30
A00017337,VISSCO POSTURE AID -MEDIUM (0807 M),,,1,1,PAK
A00017346,VISSCO ACTIVE HEAT (4009),,,2,2,PAK
A00017357,VISSCO ASTRA UNDERARM CRUTCH -MEDIUM (0905 M),,,1,1,PAK
A00017358,VISSCO ASTRA UNDERARM CRUTCH -LARGE (0905 L),1,,,1,PAK
A00017360,VISSCO FIRM CERVICA COLLER ( ADJ. HEIGHT) SMALL (0309 S),1,,,1,PAK
A00017361,VISSCO FIRM CERVICA COLLER ( ADJ. HEIGHT) MEDIUM (0309 M),1,,,1,PAK
A00017378,VISSCO FINGER SPLINT (0631),,,2,2,PAK
A00017379,VISSCO COT FINGER SPLINT (0623),6,,,6,PAK
A00017383,VISSCO KNEE BRACE 19' -MEDIUM (0701 M),1,,,1,PAK
A00017384,VISSCO KNEE BRACE 19' -LARGE (0701 L),1,,,1,PAK
A00017387,VISSCO 2D ANKLE SUPPORT -MEDIUM (2707 M),,,1,1,PAK
A00017388,VISSCO 2D ANKLE SUPPORT -LARGE (2707 L),,,1,1,PAK
A00017389,VISSCO 2D ANKLE SUPPORT -XL (2707 XL),,,1,1,PAK
A00017395,VISSCO VARICOSE VEIN STOCKING -MEDIUM (0707 M),1,,,1,PAK
A00017396,VISSCO VARICOSE VEIN STOCKING -LARGE (0707 L),1,,1,2,PAK
A00017397,VISSCO VARICOSE VEIN STOCKING -XL (0707 XL),1,,,1,PAK
A00017403,VISSCO ACTIVE COOL OPEN RE FREEZABLE COLD PACK (4134),,,1,1,PAK
A00017409,PREGNACARE CONCEPTION TABLETS 30's,3,,,3,PAK30
A00017412,ETOZOX-60 F/C TABLETS 30'S,,,5,5,PAK30
A00017413,ETOZOX-90 F/C TABLETS 30'S,,,5,5,PAK30
A00017414,ETOZOX-120 F/C TABLETS 10'S,,,10,10,PAK30
A00017415,BIO OIL SPECIALIST SKIN CARE OIL 60ML,,,2,2,PAK
A00017424,ACM DEPIWHITE ADVANCED DEPIGMENTING CREAM 40ML,,,1,1,PAK
A00017434,APTAMIL ADVANCE JUNIOR 3  1.6KG,,,5,5,PAK
A00017436,CETAPHIL OILY SKIN CLEANSER 125ML,2,,,2,PAK
A00017440,CETAPHIL MOISTURIZING LOTION 118ML,1,,,1,PAK
A00017444,CETAPHIL LIP BALM SPF 50+ 8ML,1,,,1,PAK
A00017445,CETAPHIL SUN EXTREME SPF50+ LOTION 50ML,2,,,2,PAK
A00017557,CENTRUM MEN 60'S,4,,,4,PAK
A00017561,SENSODYNE T/B SENSITIVITY & GUM SOFT/MEDIUM,1,,,1,PAK
A00017563,PARODONTAX GUM CARE MOUTH WASH 300ML,2,,,2,PAK
A00017576,AVALON FOOT CREAM 3.04FL OZ,,,5,5,PAK
A00017577,AVALON HAND CREAM 3.04FL OZ,,,5,5,PAK
A00017594,VIPDOMET 1000/12.5MG F/C TABLETS 56'S,0.625,,,0.625,PAK56
A00017595,VIPDOMET 500/12.5MG F/C TABLETS 56'S,1,,,1,PAK56
A00017601,ROSUVAS 20MG F/C TABLETS 30'S,1.001,,3,4.001,PAK30
A00017607,MIXIF 400MG CAPSULES 5'S,3,,,3,PAK5
A00017623,BEESLINE 4 IN 1 WHITENING CLEANSER OFFER (1+1 FREE),3,,,3,PAK
A00017628,BEESLINE WHITENING FACIAL WASH 250ML,1,,,1,PAK
A00017629,BEESLINE WHITENING SENSITIVE ZONE CREAM 50ML,1,,,1,PAK
A00017637,BEESLINE HAJJ KIT -3 ITEMS,2,,,2,PAK
A00017647,MOXIFLOX 400MG TABLETS 10'S,,,6,6,PAK10
A00017655,ISIS UVEBLOCK SPF 50+ DRY TOUCH INVISIBLE ULTRA FLUID 40ML,1,,,1,PAK
A00017660,ISIS URELIA GEL (UREA 10%) 200ML,1,,,1,PAK
A00017667,PILEX TABLETS 60'S,18,,,18,PAK
A00017674,PIGEON MINILIGHT PACIFIER M SIZE UNISEX,1,,,1,PAK
A00017677,DITAMIN ANTI-COLIC DROPS 10ML,,,1,1,PAK
A00017706,MARIGOLD CREAM 50ML,1,,,1,PAK
A00017709,MR.TUMMEE MULTIVITAMIN & MINERAL GUMEE 60'S,2,,,2,PAK60
A00017712,ENTEROGERMINA CAP 12'S,2,,4,6,PAK12
A00017718,DEEP FREEZ SPRAY 150ML,,,5,5,PAK
A00017724,TRUSCARE DISPOSABLE SYRINGE 3ML,0.25,,,0.25,PAK100
A00017740,VOMINORE TABLETS 2x10'S,4,,5,9,PAK20
A00017743,AG ARTHRIFLEX CREAM 100GM,5,,,5,PAK
A00017749,RENERVE PLUS SOFTGEL CAPSULES 30'S,4,,6,10,PAK30
A00017755,CENTRUM ENERGY TABLET 30'S,7,,,7,PAK30
A00017769,LIPANTHYL 145 MG TABLET 30'S,2.333,,,2.333,PAK30
A00017780,COSYREL 5/5 MG F/C TABLET 30'S,1,,,1,PAK30
A00017782,CLARITINE CHILD GRAPE S/F SYRUP 5 MG/5 ML 120 ML,3,,,3,BOT
A00017801,FOSFOLAG 3GM SACHET 1'S,,,10,10,PAK
A00017813,BISADYL E.C TABLETS 5MG 30'S,8.334,,,8.334,PAK30
A00017814,GLENDES 5MG TABLETS 30'S,2.021,,,2.021,PAK30
A00017817,KETESSE 25MG F/C TABLETS 20's,3.8,,1,4.8,PAK20
A00017818,PRILIGY 30MG F/C TABLETS 3'S,7.34,,,7.34,PAK3
A00017819,PRILIGY 60MG F/C TABLETS 3'S,6.667,,,6.667,PAK3
A00017820,NEBILET 5MG TABLETS 28'S,1.5,,,1.5,PAK28
A00018054,PRIORIN N CAP 90'S,,,1,1,PAK
A00018057,OMACIP TAB 500 MG 1000'S,,,5.2,5.2,PAK1000
A00018089,ORAL B ESSENTIAL FLOSS,2,,,2,PAK
A00018097,MAGNESIUM PLUS TAB 30'S,,,6,6,PAK30
A00018153,VISSCO UNIVERSAL COCK-UP SUPPORT 0641,2,,3,5,PAK
A00018154,VISSCO THUMB SPICA SUPPORT 0643,1,,2,3,PAK
A00018171,FROIKA AC SAL WASH CLEANSER 200ML,,,1,1,PAK
A00018176,FROIKA BARRIER CREAM 50ML,1,,,1,PAK
A00018179,FROIKA ANT HAIR LOSS LOTION 100ML,1,,,1,PAK
A00018182,MANFORCE XCOTIC (DOTTED) CHOCOLATE 10'S,8,,,8,PAK
A00018183,MANFORCE XCOTIC (DOTTED) STRAWBERRY 10'S,8,,,8,PAK
A00018184,MANFORCE OVERTIME ORANGE 10'S,8,,,8,PAK
A00018185,MANFORCE OVERTIME PINEAPPLE 10'S,7,,,7,PAK
A00018186,MANFORCE ULTRA FEEL BUBBLEGUM 10'S,10,,,10,PAK
A00018200,EUCERIN HYALURON FILLER NIGHT CREAM 50ML,1,,,1,PAK
A00018209,AIRTAL TABLETS 100MG 20'S,3.5,,1,4.5,PAK20
A00018211,APTAMIL COMFORT 1 -400GM,,,5,5,PAK
A00018212,APTAMIL COMFORT 2 -400GM,,,5,5,PAK
A00018251,NEO HAIR LOTION 120ML,,,2,2,PAK
A00018252,DERMA ROLLER,,,5,5,PAK
A00018269,PANADOL COLD+ FLU VAPOUR RELEASE +DECONGESTANT SACHETS 10'S,7.7,,2,9.7,PAK10
A00018280,APTAMIL LF 400GM,,,5,5,PAK
A00018281,NAN LF 400GM,,,5,5,PAK
A00018293,DUCRAY ANAPHASE SHAMPOO,,,1,1,PAK
A00018294,DUCRAY KELUAL DS SHAMPOO,1,,,1,PAK
A00018296,ISIS TEENDERM K CONCENTRATE CREAM,1,,,1,PAK
A00018298,ISIS METRORUBORIL A.Z CREAM 30ml,1,,,1,PAK
A00018320,MOXITEC 5MG/ML EYE DROP 5ML,5,,,5,PAK
A00018341,CIPROCIN EAR/EYE DROPS 0.3%,,,10,10,PAK
A00018353,ABENA PANTS PREMIUM MEDIUM (M1) BLUE 15'S,3,,,3,PAK
A00018354,ABENA PANTS PREMIUM LARGE (L1) GREEN 15'S,2,,,2,PAK
A00018355,ABENA PANTS PREMIUM EXTRA LARGE (XL1) ORANGE 15'S,3,,,3,PAK
A00018358,ECONAZINE CREAM 20GM,4,,39,43,PAK
A00018370,WELLBABY MULTIVITAMIN DROPS 30ML,4,,,4,PAK
A00018376,NAN COMFORT-1 400GM,,,5,5,PAK
A00018377,NAN COMFORT-2 400GM,,,5,5,PAK
A00018378,NAN COMFORT-1 800GM,,,5,5,PAK
A00018379,NAN COMFORT-2 800GM,,,5,5,PAK
A00018380,NAN COMFORT-3 800GM,,,5,5,PAK
A00018382,KEMADRIN 5MG TABLETS 100'S,1,,,1,PAK
A00018401,DIVINUS 5MG F/C TABLETS 3x10'S,2,,,2,PAK30
A00018402,DIVINUS 10MG F/C TABLETS 3x10'S,,,2,2,PAK30
A00018453,DIMET-G 2MG/500MG F.C.TABLETS 30'S,3.001,,,3.001,PAK30
A00018459,"BENOSTAN SUNSCREEN FACE CREAM 2 IN 1, SPF 50 (1+1 OFFER PACK)",6,,,6,PAK
A00018490,PEDIAFAST SYRUP 0.01% 100ml,,,13,13,PAK
A00018508,BACLOCALM 10MG TABLETS 50'S,,,2,2,PAK50
A00018510,ZECUF ANTI-INFLAMMATORY LOZENGES (HONEY) 2X12'S BLISTER PACK,3,,,3,PAK24
A00018512,QV BAR 100 GM,1,,,1,PAK
A00018513,QV SKIN LOTION 50 ML,,,5,5,PAK
A00018525,PERFECTIL PLATINUM TABLET 30'S,7,,,7,PAK30
A00018526,OSTEOCARE PLUS TABLET/CAPSULES 84'S,10,,,10,PAK84
A00018527,PREGNACARE BREAST FEEDING TABLET/CAPSULES 84'S,1,,4,5,PAK84
A00018600,GYNOGEN HP 75 IU,1,,,1,PAK
A00018613,ROSUBEST 10 MG F/C TABLETS 30'S,0.668,,1,1.668,PAK30
A00018614,ROSUBEST 20 MG F/C TABLETS 30'S,2,,,2,PAK30
A00018647,BUDESONIDE INHALATION SUSPENSION  0.5MG/2ML 30’S,,,1,1,PAK30
A00018649,GYNOGEN HP 150 IU,1,,,1,VIL
A00018654,GLYPAR 2mg TABLETS 30'S,1,,,1,PAK30
A00018655,GLYPAR 4mg TABLETS 30'S,2,,,2,PAK30
A00018656,LORA D 5mg TABLETS 30'S,4.672,,,4.672,PAK30
A00018657,CAVIT 30'S,4,,5,9,PAK30
A00018658,METSWIFT XR 500MG TABLETS 28'S,,,2,2,PAK28
A00018661,GLIT 15mg TABLETS 28'S,7,,,7,PAK28
A00018662,GLIT 30mg TABLETS 28'S,2,,,2,PAK28
A00018684,MENOPACE TABLETS 30'S,8.667,,,8.667,PAK30
A00018687,FROIKA AFTER BITE GEL 40ML,,,1,1,PAK
A00018688,ACM DEPIWHITE BRIGHTNING FOAMER 200ML,,,1,1,PAK
A00018689,ZULEX 8MG FC TABLETS 20'S,3,,,3,PAK20
A00018693,PUBERGEN HP 5000,12,,,12,AMP
A00018714,ASPIREM 75MG E.C TABLETS 56'S,6,,,6,PAK
A00018718,BIOENERGY TECH BIONERVE CAPSULES 30'S,2,,,2,PAK
A00018719,BIOENERGY TECH SPIRULINA CAPSULES 30'S,2,,,2,PAK
A00018721,GAVISCON ADVANCE PEPPERMINT SACHETS 12'S,1.583,,10,11.583,PAK12
A00018766,LORINASE-D 2.5/120MG EXTENDED RELEASE TABLETS 2*10(20;S),3,,20,23,PAK20
A00018775,COFSILS ORANGE LOZENGES 30'S,15.003,,50,65.003,PAK30
A00018776,NICOTEX 2MG MINT PLUS CHEWING GUM 9'S,1,,,1,PAK9
A00018784,ISDIN ACNIBEN BODY SPRAY 150ML,2,,,2,PAK
A00018785,ISDIN UREADIN ULTRA10 REPAIRING LOTION PLUS 400ML,1,,,1,PAK
A00018786,ISDIN FOTOPROTECTOR FUSION WATER MAGIC LIGHT TINTED SPF 50 - 50ML,,,1,1,PAK
A00018794,ISDIN FOTOPROTECTOR FUSION WATER COLOR MEDIUM TINTED SPF 50 - 50ML,1,,,1,PAK
A00018795,ISDIN FOTOULTRA 100 ACTIVE UNIFY DEPIGMENTING SPF 50+ SUNSCREEN 50ML,,,1,1,PAK
A00018855,PANALEX EXTRA TAB 30'S,18.001,,10,28.001,PAK30
A00018866,FLEXITOL LIP SPF50+ BALM 10MG 2.5%UREA,4,,2,6,PAK
A00018884,AMEYA GLYCERIN USP 100ML,,,6,6,PAK
A00018886,AMEYA BENZYL BENZOATE APPLICATION BP 100ML,,,12,12,PAK
A00018889,AMEYA SURGICAL SPRIT 100ML,,,1,1,PAK
A00018972,UO CREAM 20G 10% UREA,3,,,3,PAK
A00018974,LICAN CREAM 1% 30 GM,1,,4,5,PAK
A00018986,VISMED UD EYE DROPS,2,,,2,PAK20
A00018987,VISMED GEL EYE DROPS,2,,,2,PAK20
A00018998,"PANUM-40 ENTERIC COATED TABLETS 40MG, 30`S (2x15 Tab)",5.5,,,5.5,PAK30
A00019006,BIOCARE DX CREAM 60GM,3,,,3,PAK
A00019016,PIGEON BOTTLE WHITE 50ML ( BPA FREE ),4,,,4,PAK
A00019022,RA THERMOSEAL TOOTHPASTE 100GM,,,10,10,PAK
A00019044,TIGER PLASTER COOL SMALL 2 S,4,,11,15,PCS
A00019045,TIGER PLASTER WARM SMALL 2 S,,,9,9,PCS
A00019046,TIGER PLASTER WARM LARGE 2S,16,,15,31,PCS
A00019047,TIGER PLASTER COOL LARGE 2 S,20,,15,35,PCS
A00019065,SEBAMED ANTI HAIR LOSS SHAMPOO 200ML,,,4,4,PAK
A00019087,NAZEX NASAL SPRAY 15ML,16,,,16,PAK
A00019131,BIGEN MEN'S BEARD COLOUR DARK BROWN  B103,1,,,1,PAK
A00019133,BIGEN MENS BEARD COLOUR BROWNISH BLACK B102,1,,,1,PAK
A00019139,FIRST AID BOX PRIME,,,1,1,PAK
A00019184,MUELLER REUSABLE ICE BAG,1,,,1,PAK
A00019186,PAPERMINTS COOL CAPS,25,,,25,PAK
A00019242,OMEFA 1000MG 30S,1.5,,,1.5,PAK30
A00019264,PRITTY ROUND PADS 80'S,,,2,2,PAK
A00019265,PRITTY SQUARE PADS 40'S,,,2,2,PAK
A00019422,QV INTENSIVE CLEANSER 250 ML,,,2,2,PAK
A00019423,QV FACE DAY CREAM 75 GM,,,2,2,PAK
A00019424,QV KIDS BALM 100 GM,,,2,2,PAK
A00019425,QV KIDS CREAM ARABIC 100 GM,,,2,2,PAK
A00019426,QV KIDS WASH 200 GM,,,2,2,PAK
A00019427,QV  BABY BATH OIL 250 ML5.5,,,2,2,PAK
A00019428,QV  BABY 2 IN 1 SHAMPOO & CONDITIONER 200 ML,,,5,5,PAK
A00019457,CALCIVYTE TAB 30'S,1,,,1,PAK30
A00019571,VICHY DEO 72 HR EXTREME 50ML BLACK,5,,5,10,PAK
A00019586,APTAMIL COMFORT -1 / 900 GM,,,5,5,PAK
A00019587,APTAMIL COMFORT -2  / 900 GM,,,5,5,PAK
A00019596,KN95 FACE MASK 5PLY - EAR LOOP-S20,,,1,1,PAK
A00019626,KOFLET-H LOZENGES LEMON&amp; HONEY 12'S,7,,,7,PAK12
A00019674,PRITTY NOSE PORE CLEANSING STRIPS 6S,,,1,1,PAK
A00019718,RADIAN ICE TUBE GEL 150 ML,9,,,9,PAK
A00019808,SHINE BIO CAL CHEWABLE TABS 60S,5,,,5,PAK60
A00019837,ZINC OXIDE TAPE 3 INCH,,,5,5,PAK
A00019843,MUELLER ANKLE SUPPORT NEOPRENE SMALL,4,,,4,PAK
A00019858,ZIVA DELAY WIPES 7S,2,,,2,PAK
A00019895,TUXAP 120MG TAB,12,,29,41,PAK
A00019935,SANIPLAST FIRSTAID BANDAGE MEDIUM 20S,18.85,,,18.85,PAK20
A00019942,SANIPLAST FIRSTAID BANDAGE AQUALARGE 20S,5.75,,,5.75,PAK20
A00019943,SANIPLAST FIRSTAID BANDAGE ASSORTED 20S,5.5,,,5.5,PAK20
A00019949,ACU-LIFE NASAL ASPIRATOR,1,,,1,PAK
A00019951,OPTIVE FUSION UD EYE DROPS,5,,5,10,PAK
A00019955,TARRAD EXTRA INSECT REPELLENT 100 ML,2,,,2,PAK
A00019982,SKINS CONDOMS DOTS AND RIBS 12s,1,,,1,PAK
A00020016,PRIMALAC ULTIMA - 1 400 GM,,,12,12,PAK
A00020018,PRIMALAC ULTIMA - 3 400 GM,,,10,10,PAK
A00020019,PRIMALAC PREMIUM LF 400 GM,,,3,3,PAK
A00020026,ECO FLOSS PICKS 50S,1,,,1,PAK
A00020028,CERAVE HYDRATING CLEANSER 236ML,,,1,1,PAK
A00020030,CERAVE FOAMING FACIAL CLEANSER 236ML,,,1,1,PAK
A00020032,CERAVE MOISTURIZING LOTION 8OZ,,,1,1,PAK
A00020105,GAUZE SWAB N/S 5X5CM 8 PLY 100S (AL JABRY),0.08,,,0.08,PAK100
A00020137,DMK 3 ML SYRINGE 23G,,,2,2,PAK100
A00020138,DMK 5 ML SYRINGE 23G,,,2,2,PAK100
A00020140,DMK 1 ML INSULIN SYRINGE 30G,,,2,2,PAK100
A00020143,MIRAGEL ORAL GEL 40GM,,,5,5,PAK
A00020149,ACU-LIFE LIGHTED LICE REMOVAL COMB,1,,,1,PAK
A00020151,EZY DOSE KIDS  FOREHEAD THERMOMETER,2,,,2,PAK
A00020179,PHARMATON VITALITY TAB 30S,,,6,6,PAK30
A00020183,FROIKA RENEX-PLUS SHAMPOO  200ML,,,1,1,PAK
A00020242,WALKING AID WITH WHEELS SC-WK09 (A),,,1,1,PAK
A00020450,PRITTY NOSE PORE STRIPS 6S ALOE VERA,,,1,1,PAK
A00020513,VICKS BABY RUB 50GM,1,,7,8,PAK
A00020523,DOSFARM SF MINT CANDY STRAWBERRY FLAVOUR 22GM,3,,7,10,PAK
A00020524,DOSFARM SF MINT CANDY WATERMELON FLAVOUR 22GM,5,,7,12,PAK
A00020525,DOSFARM SF MINT CANDY MANGO FLAVOUR 22GM,3,,13,16,PAK
A00020526,DOSFARM SF MINT CANDY PEACH FLAVOUR 22GM,1,,13,14,PAK
A00020527,DOSFARM SF MINT CANDY SPEARMINT FLAVOUR 22GM,1,,7,8,PAK
A00020567,SLEEPNEED 5MG TAB 30S,,,5,5,PAK30
A00020574,MOXE NAUSEA INHALER,1,,,1,PAK
A00020620,EUCERIN ANTI AGE HYAL-FILLER+ELASTICITY EYE CREAM SPF 20 15ML,,,1,1,PAK
A00020638,BIODERMA  ATODERM INTENSIVE GEL WASH 200ML,,,1,1,PAK
A00020639,LISTERINE ANTISEPTIC-COOLMINT 250ML,,,2,2,BOT
A00020640,INSULIN MIXTARD HM INJ100 IU/ML,2,,16,18,PCS
A00020649,BETADINE ANTISEPTIC SOLUTION 120ML,,,5,5,BOT
A00020651,VOLTAREN 100MG SUPP,,,1,1,PAK10
A00020653,BIODERMA SENSIBIO H2O 500ML,,,5,5,PAK
A00020658,SENSODYNE ADV/ COMP-PROT MED- T/B,,,6,6,PAK
A00020660,BIODERMA PHOTODERM AKN MAT FLUID 40ML,,,5,5,PAK
A00020678,BIODERMA PHOTODERM MAX SPF 100  CREAM,,,15,15,PAK
A00020688,AQUA FRESH TOOTHBRUSH LITTLE TEETH SOFT,1,,,1,PAK
A00020695,BIODERMA SENSIBIO H20 250ML,1,,5,6,PAK
A00020696,AQUAFRESH TOOTHBRUSH MILK TEETH SOFT,2,,,2,PAK
A00020701,VICHY ANTI DANDRUFF SHAMPOO MICROBIOME OILY HAIR.,1,,2,3,PAK
A00020710,BIODERMA SENSIBIO H20 100ML,,,5,5,PAK
A00020713,VICHY DEO BILLE STRESS 50ML RED CAP,5,,8,13,PAK
A00020715,BIODERMA PHOTODERM AR SPF 50+ 30 ML,,,17,17,PAK
A00020718,EUCERIN DERMO PURIFYER TONER (88983),,,1,1,PAK
A00020719,EUCERIN ANI AGE HYALURON FILLER SPF 15 +EYE CREAM,,,1,1,PAK
A00020744,QV FACE GENTLE CLEANSER 250 ML,,,2,2,PAK
A00020745,QV  BABY MOISTURIZING CREAM 250 GM,,,2,2,PAK
A00020749,GLYCERINE 50 ML,,,5,5,PAK
A00020753,GLYCERINE 75 ML,,,5,5,PAK
A00020755,PEDIASURE COMPLETE (3+)VANILLA 400GM,,,3,3,PAK
A00020756,PEDIASURE COMPLETE (3+)VANILLA 900GM,,,3,3,PAK
A00020761,PEDIASURE COMPLETE (1+) CHOCOLATE 400G,,1,3,2,PAK
A00020762,PEDIASURE COMPLETE (1+)VANILLA 400GM,,,3,3,PAK
A00020763,PEDIASURE COMPLETE (1+)VANILLA 900GM,,,3,3,PAK
A00020780,FACE MASK WITH LOOPS 50S,13.2,,10,23.2,PAK50
A00020785,EUCERIN ANTI AGE HYAL-FILLER MOIST.BOOSTER SERUM 30ML,,,1,1,PAK
A00020803,GAUZE SWAB N/S 7.5X 7.5CM 8 PLY 100S (AL JABRY),0.71,,,0.71,PAK100
A00020809,HOT WATER BAG WITH SINGLE FLANNEL COVERS 2L,,,3,3,PAK
A00020817,OMRON C28 PREMIUM NEBULIZER,1,,,1,PAK
A00020825,HERMESETAS STEVIA SWEET 75G,,,5,5,PAK
A00020827,QV INTENSIVE CLEANSER 40 ML,,,2,2,PAK
A00020828,QV INTENSIVE MOISTURISER 30 GM,,,2,2,PAK
A00020980,FITOBALM GEL 50 ML,4,,,4,PAK
A00021029,DR. MOREPEN BLOOD GLUCOSE MONITOR WITH 25 STRIPS (MMOL/L),3,,,3,PAK
A00021030,DR. MOREPEN BLOOD GLUCOSE MONITOR WITH 25 STRIPS (MG/DL),2,,,2,PAK
A00021031,DR. MOREPEN BLOOD GLUCOSE MONITOR WITH 50 STRIPS (MMOL/L),2,,,2,PAK
A00021032,DR. MOREPEN BLOOD GLUCOSE MONITOR WITH 50 STRIPS (MG/DL),12,,,12,PAK
A00021033,DR. MOREPEN BLOOD GLUCOSE MONITOR MODEL BG-03 (MMOL/L),2,,3,5,PAK
A00021034,DR. MOREPEN BLOOD GLUCOSE MONITOR MODEL BG-03 (MG/DL),2,,,2,PAK
A00021036,DR. MOREPEN BLOOD GLUCOSE TEST STRIPS MODEL BG-03 PACK OF 50 TEST,1,,,1,PAK
A00021037,DR. MOREPEN DIGI CLASSIC DIGITAL THERMOMETER (MODEL NO: MT-110),8,,,8,PAK
A00021039,DR. MOREPEN BLOOD PRESSURE MONITOR-BP14,2,,,2,PAK
A00021218,"MR.TUMEE DHA OMRGA 3 GUMEE 60,S",,,1,1,PAK60
A00021417,ACULIFE PILL SPLITTER,3,,,3,PCS
A00021486,SENSODYNE CLINICAL WHITE ENAMEL STRENGTHENING T/P 75ML,3,,,3,PAK
A00021489,PARODONTAX ACTIVE GUM REPAIR FRESH MINT T/P 75ML,1,,,1,PAK
A00021492,DEKSEL VITAMIN D3 1000IU NANO SPRAY 15ML,,,5,5,PAK
A00021498,CELENES CLOUDBERRY INTENSIVE HAND CREAM 75ML ALL SKIN TYPES,2,,,2,PAK
A00021508,CELENES THERMAL FOAMING GEL 250ML OILY & COMBINATION SKIN,1,,,1,PAK
A00021519,APISAL NASAL SPRAY 15 ML,2,,,2,BOT
A00021621,CURE-AID FOR KIDS ASORTED 20 S,9,,,9,PAK
A00021692,PIGEON DECORATED BOTTLE WITH PERISTALTIC NIPPLE 120 ML 0 TO 3 MONTH,2,,,2,PAK
A00021694,PIGEON GLASS FEEDING BOTTLE 50 ML,1,,,1,PAK
A00021773,TYNOR ANKLET COMFEEL SMALL,2,,,2,PAK
A00021843,PAMPERS  ACTIVE BABY PANTS 6 44S,1,,,1,PAK
A00021850,PARODONTAX COMP-PROT-WHITENING T/P 75 ML,2,,,2,PCS
A00021880,L CET SYRUP,,,42,42,BOT
A00021885,NEOMERCAZOLE 5MG 100S,,,9,9,PAK100
A00021902,AMYDRAMINE EXPT.120ML,,,10,10,BOT
A00021906,GLOBIFER CHEWABLE TABLETS 30'S,2,,,2,PAK30
A00021955,SLEEPNEED TABLETS 10 MG 30'S,,,7,7,PAK30
A00021958,LAFORIN MOUTHWASH 350ML,1,,,1,PAK
A00021992,EUCERIN SUN OIL CONTROL DRY TOUCH SPF50+ (69767) - SUN GEL- CREAM ULTRA LIGHT 50ML,1,,,1,PAK
A00022036,PIGEON GLASS NURSER K-8 WITH HANDLE 240ML,4,,,4,PAK
A00022038,PIGEON BREAST PADS COMFYFEEL 36 PCS/BOX (ENG/ARB),2,,,2,BOX36
A00022041,PIGEON SILICONE NIPPLE S-TYPE (S) 2PC/BL CARD,2,,,2,BOX2
A00022042,PIGEON SILICONE NIPPLE S-TYPE (M) 2PC/BL CARD,2,,,2,BOX2
A00022049,ACTIFOLIC 4G CAPSULES 30's,1,,,1,PAK
A00022050,BIOIRON CAPSULES 30's,1,,,1,PAK
A00022069,WELLMAN CONCEPTION TAB 30'S,13,,6,19,PAK30
A00022070,DIABETONE TAB 30'S,9,,,9,PAK30
A00022071,CARDIOACE TAB 30'S,3,,,3,PAK30
A00022072,ULTRA 2 IN 1 OMEGA-3 & COD LIVER OIL CAPS 60'S,2.668,,,2.668,PAK60
A00022073,PREGNACARE PLUS TAB/CAPS 56'S,5,,,5,PAK56
A00022074,PREGNACARE CREAM 100ML,8,,,8,PAK
A00022090,APTAMIL ADVANCE POF 1 800GM,,,5,5,PAK
A00022091,APTAMIL ADVANCE POF 2 EA 400GM,,,5,5,PAK
A00022092,APTAMIL ADVANCE POF 2 EA 800GM,,,5,5,PAK
A00022093,APTAMIL ADVANCE JUNIOR POF 3 EA 400GM,,,5,5,PAK
A00022094,APTAMIL ADVANCE JUNIOR POF 3 EA 800GM,,,5,5,PAK
A00022095,APTAMIL ADVANCE JUNIOR POF 3 BIB 1200GMS GM,,,5,5,PAK
A00022096,APTAMIL COMFORT NO. 1-800 GM NEW,,,5,5,PAK
A00022097,APTAMIL COMFORT NO. 2-800 GM NEW,,,5,5,PAK
A00022125,METOFLEX 750 MG 50'S,4.2,,,4.2,PAK50
A00022126,ULTRA VITAMIN C WITH ZINC EFFERVESCENT TAB 20'S,,,18,18,PAK20
A00022127,WELLWOMAN 50+ TAB 30'S,5,,,5,PAK30
A00022128,FEROGLOBIN FORTE CAPSULES 30'S,1.5,,,1.5,PAK30
A00022136,HEXIDINE MOUTHWASH 500ML,,,8,8,PAK
A00022137,EMOFORM DIAMOND TOOTHPASTE 75ML,,,1,1,PAK
A00022164,MINOCET 300MG CAPSULES 10's,1,,,1,PAK10
A00022189,PANADOL MIGRAINE CAPLETS 24'S,3,,2,5,PAK24
A00022196,PEDIASURE COMPLETE VANILLA 3+ PEPTIGRO 400GM,,,1,1,PAK
A00022197,PEDIASURE COMPLETE CHOCOLATE 1+ PEPTIGRO 400GM,1,,,1,PAK
A00022198,PEDIASURE COMPLETE CHOCOLATE 3+ PEPTIGRO 400GM,,,4,4,PAK
A00022199,PEDIASURE COMPLETE CHOCOLATE 3+ PEPTIGRO 900GM,1,,,1,PAK
A00022268,SENSODYNE PRONAMEL KIDS MILK TEETH TOOTHPASTE (FOR BABIES) 0-2 YEARS 50ML,5,,,5,PAK
A00022269,SENSODYNE PRONAMEL KIDS LITTLE TEETH TOOTHPASTE 3-5 YEARS 50ML,5,,,5,PAK
A00022323,PROBIOTIS 30 CAPS 10B CFU,5,,8,13,PAK30
A00022326,DICLORAN-75 DELAYED RELEASE TABLETS (2*10 TAB),8.5,,,8.5,PAK20
A00022338,DIACEREIN 50MG CAPS 3*10'S,0.667,,2,2.667,PAK30
A00022339,ULTRA CRANBERRY 750MG TAB 30'S,4.5,,,4.5,PAK30
A00022340,KETESSE 25MG GRANULES FOR ORAL SOLUTION 20's,6.45,,,6.45,PAK20
A00022369,3-Ply Disposable Kids Face Mask 50,6,,,6,PAK50
A00022371,Bastos Guaze Swab 100 7.5x7.5cm,0.6,,,0.6,PAK100
A00022385,Bigen Men Beard Color B101 Black,3,,,3,PAK
A00022386,Bigen Men Speedy Hair Color 102 Brown Black 80g,3,,,3,PAK
A00022394,Bioderma Sebium Moussant Active Foaming Gel 200ml,,,1,1,PAK
A00022400,Cerave Eye Repair Cream 14ml,1,,,1,PAK
A00022412,Diasporal Extra Drinkable Magnesium 400mg Sachet 20,1.2,,,1.2,PAK20
A00022413,Diasporal Magnesium Sachet 20,0.15,,,0.15,PAK20
A00022419,Dr Scott Disposable Plastic Glove 100,17,,,17,PAK100
A00022435,Fingertip Pulse Oximeter BPL,1,,,1,PAK
A00022447,HI Dee Vitamin D3 1000iu Capsule 120,,,2,2,PAK
A00022450,Higeen Barrad Cream 120ml,8,,,8,PAK
A00022451,Higeen Harrar Cream 120ml,1,,,1,PAK
A00022452,Higeen Povidone Iodine Gel 30g,1,,,1,PAK
A00022457,Jordan Clinic Between Teeth 0.5mm Toothbrush 10,2,,,2,PAK
A00022462,Laica Home Improvement Ultrasonic Humidifier HI3013,1,,,1,PAK
A00022471,DISPOSABLE INSULIN SYRINGE MARVEL 100`S,0.1,,,0.1,PAK100
A00022472,Medichoice Paediatric Nebulizer Mask,3,,,3,PAK
A00022477,Mr Tumee Vitamin C Gummy 60,3,,,3,PAK60
A00022482,Gillette Simply Venus 2 Moisture Rich Women Razors 4 + 2 Free Offer,1,,,1,PAK
A00022483,Muller Elastic Knee Support Medium,1,,,1,PAK
A00022491,Nimed 70% Isopropyl Alcohol Swab 200,2,,,2,PAK
A00022493,Gillette Venus 4S,5,,,5,PAK
A00022501,Oral B Vitality Precision Clean Rechargeable Toothbrush D12.513,1,,,1,PAK
A00022511,Pampers Premium Care 2 Diaper 46,1,,,1,PAK
A00022513,Pampers Premium Care 3 Diaper 62,1,,,1,PAK
A00022521,Pigeon Honeycomb Breast Pad 12,2,,,2,PAK
A00022526,Lamsa Unscented Nail Polish Pump 100ml,1,,,1,PAK
A00022530,Durex Extended Pleasure Condom 3,,,5,5,PAK
A00022534,Durex Invisible Extra Thin Condom 3,,,3,3,PAK
A00022539,Durex Real Feel Condom 3,,,3,3,PAK
A00022554,Pigeon Slim Neck Flexible Large Nipple,6,,,6,PAK
A00022558,Prime Care Manual Breast Pump,4,,,4,PAK
A00022562,Prin Permethrin 5% Cream 30g,,,11,11,PAK
A00022564,QV Moisturising Cream 250g,,,5,5,PAK
A00022565,Radian Ice Roll On 75ml,1,,,1,PAK
A00022573,Sealar Haemorrhoid Cream 30g,1,,,1,PAK
A00022580,Smile Portable Mesh Nebulizer,1,,,1,PAK
A00022586,TDK Disposable Plastic Glove 100,299,,,299,PAK100
A00022589,Triangular Bandage With 2 Safety Pin 36Inch x51 Inch Base,1,,,1,PAK
A00022597,Veroval Duo Control Blood Pressure Monitor,1,,,1,PAK
A00022600,Vichy Mineral 48H Deodorant Roll On 50ml,2,,,2,PAK
A00022614,Yi He Kang KN95 Face Mask,42,,,42,PAK
A00022666,Babystart Fertile Time Home Ovulation Test 5,,,2,2,PAK
A00022668,Mueller Adjustable Arm Sling,1,,,1,PAK
A00022678,Muller Elastic Knee Support Small,7,,,7,PAK
A00022680,Muller Wrap Around Ankle Support,1,,,1,PAK
A00022729,NOSMOK 2 MG LOZENGES (2*12'S),5,,5,10,PAK24
A00022730,NOSMOK 4 MG LOZENGES (2*12'S),4,,5,9,PAK24
A00022761,HISTACARE 5MG TABLETS 30's.,8.503,,,8.503,PAK30
A00022765,PROLYTE ORANGE-ORS 21GM 25'S,4.7,,20,24.7,PAK25
A00022766,PROLYTE LIME-ORS 21GM 25'S,6,,,6,PAK25
A00022845,TEARS NATURALE II LUBRICANT EYE DROPS 15ML,1,,,1,PAK
A00022868,CETRILEV 5MG F/C TABLETS 20'S,30.667,,,30.667,PAK20
A00022870,ZOLPAN 20MG GASTRO RESISTANT TABLETS 30'S,7,,,7,PAK30
A00022871,ZOLPAN 40 MG GASTRO RESISTANT TABLETS 30'S,8.668,,,8.668,PAK30
A00022894,BUDECORT RESPULES 0.25MG/ML 20`S,2,,,2,PAK20
A00022945,DR. MOREPEN GLUCO ONE LANCETS 100's,4,,,4,PAK100
A00022968,MELOMET CREAM 0.1% W/W 20GM,5,,,5,PAK
A00022975,DIVIDO COMBO 75/20MG 3*7 CAP,10,,,10,PAK21
A00023000,HIDRASEC (RACECADOTRIL)30MG CHILDREN GRANULES FOR ORAL SUSP 2*8’S SACHETS,2,,,2,PAK16
A00023001,HIDRASEC (RACECADOTRIL)100 MG HARD CAPSULES 1*10’S,2,,,2,PAK10
A00023011,OSTEOCARE PLUS GLUCOSAMINE & CHONDROITIN TABLETS 4*15S,8.25,,5,13.25,PAK60
A00023012,ULTRA FOLIC TABLETS 2*30S,6,,,6,PAK60
A00023013,ULTRA MAGNESIUM TABLETS 4*15S,2.5,1,4,5.5,PAK60
A00023024,URIMAX 0.4MG CAPS,5,,,5,PAK30
A00023212,PAMPERS KDM PREMIUM CARE S1 4*50 MIP,3,,,3,PAK
A00023213,PAMPERS KDM PREMIUM CARE PC S1 8*22 CP,3,,,3,PAK
A00023215,PAMPERS KDM PREMIUM CARE S3 2*62 MP,3,,,3,PAK
A00023218,PAMPERS KDM PREMIUM CARE S6 2*36 MP,3,,,3,PAK
A00023224,AVESAL NEBULES 2 ML X10'S,1,,,1,PAK10
